-- phpMyAdmin SQL Dump
-- version 5.2.1
-- https://www.phpmyadmin.net/
--
-- Host: 127.0.0.1:3306
-- Generation Time: Jul 27, 2025 at 05:47 PM
-- Server version: 10.11.10-MariaDB-log
-- PHP Version: 7.2.34

SET SQL_MODE = "NO_AUTO_VALUE_ON_ZERO";
START TRANSACTION;
SET time_zone = "+00:00";


/*!40101 SET @OLD_CHARACTER_SET_CLIENT=@@CHARACTER_SET_CLIENT */;
/*!40101 SET @OLD_CHARACTER_SET_RESULTS=@@CHARACTER_SET_RESULTS */;
/*!40101 SET @OLD_COLLATION_CONNECTION=@@COLLATION_CONNECTION */;
/*!40101 SET NAMES utf8mb4 */;

--
-- Database: `u549992181_DB_TuyPureFlow`
--

-- --------------------------------------------------------

--
-- Table structure for table `address`
--

CREATE TABLE `address` (
  `address_id` int(11) NOT NULL,
  `consumer_id` int(11) NOT NULL,
  `name` varchar(100) DEFAULT NULL,
  `contact_number` varchar(20) DEFAULT NULL,
  `street` varchar(100) DEFAULT NULL,
  `barangay` varchar(100) DEFAULT NULL,
  `city` varchar(100) DEFAULT NULL,
  `region` varchar(100) DEFAULT NULL,
  `zip_code` varchar(10) DEFAULT NULL,
  `latitude` decimal(10,7) DEFAULT NULL,
  `longitude` decimal(10,7) DEFAULT NULL,
  `is_default` tinyint(1) DEFAULT 0
) ENGINE=InnoDB DEFAULT CHARSET=utf8mb4 COLLATE=utf8mb4_unicode_ci;

--
-- Dumping data for table `address`
--

INSERT INTO `address` (`address_id`, `consumer_id`, `name`, `contact_number`, `street`, `barangay`, `city`, `region`, `zip_code`, `latitude`, `longitude`, `is_default`) VALUES
(1, 5, 'Maria Lourdes E. Ferrer', '09355718804', 'Purok 1', 'Malibu', 'Tuy', 'Region IV-A', '4214', NULL, NULL, 1),
(2, 6, 'Princess Alma Hernandez', '09269002690', 'Purok 1', 'Palincaro', 'Tuy', 'Region IV-A', '4214', NULL, NULL, 1),
(3, 7, 'John Rc Denver Roxas', '09362695356', 'Purok 1', 'Putol', 'Tuy', 'Region IV-A', '4214', NULL, NULL, 1),
(4, 8, 'Sarah Mae Mendoza', '09575654566', 'Purok 1', 'Rizal', 'Tuy', 'Region IV-A', '4214', NULL, NULL, 1),
(5, 9, 'Mariel N. Maullon', '09654362543', 'Purok 1', 'San Jose', 'Tuy', 'Region IV-A', '4214', NULL, NULL, 1),
(6, 10, 'Jocelle A. Baylon', '09654321423', 'Purok 1', 'Toong', 'Tuy', 'Region IV-A', '4214', NULL, NULL, 1),
(7, 11, 'Angelica Ramos', '09171234501', 'Purok 1', 'Bolbok', 'Tuy', 'Region IV-A', '4214', NULL, NULL, 1),
(8, 12, 'Marco Dela Cruz', '09181234502', 'Purok 1', 'Mataywanac', 'Tuy', 'Region IV-A', '4214', NULL, NULL, 1),
(9, 13, 'Justine Torres', '09191234503', 'Purok 1', 'Guinhawa', 'Tuy', 'Region IV-A', '4214', NULL, NULL, 1),
(10, 14, 'Katrina Mendoza', '09201234504', 'Purok 1', 'Luna', 'Tuy', 'Region IV-A', '4214', NULL, NULL, 1),
(11, 15, 'Daniel Santos', '09211234505', 'Purok 1', 'Dao', 'Tuy', 'Region IV-A', '4214', NULL, NULL, 1),
(12, 16, 'Alyssa Gutierrez', '09221234506', 'Purok 1', 'Dalima', 'Tuy', 'Region IV-A', '4214', NULL, NULL, 1),
(13, 17, 'Ryan Francisco', '09231234507', 'Purok 1', 'Luntal', 'Tuy', 'Region IV-A', '4214', NULL, NULL, 1),
(14, 18, 'Bea Lopez', '09241234508', 'Purok 1', 'Sabang', 'Tuy', 'Region IV-A', '4214', NULL, NULL, 1),
(15, 19, 'Joshua Navarro', '09251234509', 'Purok 1', 'Magahis', 'Tuy', 'Region IV-A', '4214', NULL, NULL, 1),
(16, 20, 'Camille Reyes', '09261234510', 'Purok 1', 'Malibu', 'Tuy', 'Region IV-A', '4214', NULL, NULL, 1),
(17, 21, 'Patricia Alonzo', '09271234511', 'Purok 1', 'Palincaro', 'Tuy', 'Region IV-A', '4214', NULL, NULL, 1),
(18, 22, 'Kenneth Chua', '09281234512', 'Purok 1', 'Putol', 'Tuy', 'Region IV-A', '4214', NULL, NULL, 1),
(19, 23, 'Sofia Lim', '09291234513', 'Purok 1', 'Rizal', 'Tuy', 'Region IV-A', '4214', NULL, NULL, 1),
(20, 24, 'Jerome Tan', '09301234514', 'Purok 1', 'San Jose', 'Tuy', 'Region IV-A', '4214', NULL, NULL, 1),
(21, 25, 'Denise Valdez', '09311234515', 'Purok 1', 'Toong', 'Tuy', 'Region IV-A', '4214', NULL, NULL, 1),
(22, 26, 'Carlo Gomez', '09321234516', 'Purok 1', 'Bolbok', 'Tuy', 'Region IV-A', '4214', NULL, NULL, 1),
(23, 27, 'Rhea Cruz', '09331234517', 'Purok 1', 'Mataywanac', 'Tuy', 'Region IV-A', '4214', NULL, NULL, 1),
(24, 28, 'Nathan Sy', '09341234518', 'Purok 1', 'Guinhawa', 'Tuy', 'Region IV-A', '4214', NULL, NULL, 1),
(25, 29, 'Erika Domingo', '09351234519', 'Purok 1', 'Luna', 'Tuy', 'Region IV-A', '4214', NULL, NULL, 1),
(26, 30, 'Luis Bautista', '09361234520', 'Purok 1', 'Dao', 'Tuy', 'Region IV-A', '4214', NULL, NULL, 1),
(27, 31, 'Hannah Diaz', '09371234521', 'Purok 1', 'Dalima', 'Tuy', 'Region IV-A', '4214', NULL, NULL, 1),
(28, 32, 'Paulo Morales', '09381234522', 'Purok 1', 'Luntal', 'Tuy', 'Region IV-A', '4214', NULL, NULL, 1),
(29, 33, 'Nina Cabral', '09391234523', 'Purok 1', 'Sabang', 'Tuy', 'Region IV-A', '4214', NULL, NULL, 1),
(30, 34, 'Kyle Ramirez', '09401234524', 'Purok 1', 'Magahis', 'Tuy', 'Region IV-A', '4214', NULL, NULL, 1),
(31, 35, 'Jessa Ong', '09411234525', 'Purok 1', 'Malibu', 'Tuy', 'Region IV-A', '4214', NULL, NULL, 1),
(32, 36, 'Martin Tan', '09421234526', 'Purok 1', 'Palincaro', 'Tuy', 'Region IV-A', '4214', NULL, NULL, 1),
(33, 37, 'Faith Aquino', '09431234527', 'Purok 1', 'Putol', 'Tuy', 'Region IV-A', '4214', NULL, NULL, 1),
(34, 38, 'Rico Chavez', '09441234528', 'Purok 1', 'Rizal', 'Tuy', 'Region IV-A', '4214', NULL, NULL, 1),
(35, 39, 'Grace Flores', '09451234529', 'Purok 1', 'San Jose', 'Tuy', 'Region IV-A', '4214', NULL, NULL, 1),
(36, 40, 'Enzo dela Rosa', '09461234530', 'Purok 1', 'Toong', 'Tuy', 'Region IV-A', '4214', NULL, NULL, 1),
(37, 41, 'Nicole Vergara', '09471234531', 'Purok 1', 'Bolbok', 'Tuy', 'Region IV-A', '4214', NULL, NULL, 1),
(38, 42, 'Alvin Cortez', '09481234532', 'Purok 1', 'Mataywanac', 'Tuy', 'Region IV-A', '4214', NULL, NULL, 1),
(39, 43, 'Clarisse Yu', '09491234533', 'Purok 1', 'Guinhawa', 'Tuy', 'Region IV-A', '4214', NULL, NULL, 1),
(40, 44, 'Mark Tan', '09501234534', 'Purok 1', 'Luna', 'Tuy', 'Region IV-A', '4214', NULL, NULL, 1),
(41, 45, 'Shiela Dizon', '09511234535', 'Purok 1', 'Dao', 'Tuy', 'Region IV-A', '4214', NULL, NULL, 1),
(42, 46, 'Leo Ramos', '09521234536', 'Purok 1', 'Dalima', 'Tuy', 'Region IV-A', '4214', NULL, NULL, 1),
(43, 47, 'Abby Santos', '09531234537', 'Purok 1', 'Luntal', 'Tuy', 'Region IV-A', '4214', NULL, NULL, 1),
(44, 48, 'CJ Torres', '09541234538', 'Purok 1', 'Sabang', 'Tuy', 'Region IV-A', '4214', NULL, NULL, 1),
(45, 49, 'Trina Legaspi', '09551234539', 'Purok 1', 'Magahis', 'Tuy', 'Region IV-A', '4214', NULL, NULL, 1),
(46, 50, 'Bryan Alcantara', '09561234540', 'Purok 1', 'Malibu', 'Tuy', 'Region IV-A', '4214', NULL, NULL, 1),
(47, 51, 'Ingrid Soriano', '09571234541', 'Purok 1', 'Palincaro', 'Tuy', 'Region IV-A', '4214', NULL, NULL, 1),
(48, 52, 'Vincent Yu', '09581234542', 'Purok 1', 'Putol', 'Tuy', 'Region IV-A', '4214', NULL, NULL, 1),
(49, 53, 'MJ dela Cruz', '09591234543', 'Purok 1', 'Rizal', 'Tuy', 'Region IV-A', '4214', NULL, NULL, 1),
(50, 54, 'Carla Ramos', '09601234544', 'Purok 1', 'San Jose', 'Tuy', 'Region IV-A', '4214', NULL, NULL, 1),
(51, 55, 'Alfred Lim', '09611234545', 'Purok 1', 'Toong', 'Tuy', 'Region IV-A', '4214', NULL, NULL, 1),
(52, 56, 'Jenna Robles', '09621234546', 'Purok 1', 'Bolbok', 'Tuy', 'Region IV-A', '4214', NULL, NULL, 1),
(53, 57, 'Tristan Go', '09631234547', 'Purok 1', 'Mataywanac', 'Tuy', 'Region IV-A', '4214', NULL, NULL, 1),
(54, 58, 'Paula Magno', '09641234548', 'Purok 1', 'Guinhawa', 'Tuy', 'Region IV-A', '4214', NULL, NULL, 1),
(55, 59, 'Andre Pascual', '09651234549', 'Purok 1', 'Luna', 'Tuy', 'Region IV-A', '4214', NULL, NULL, 1);

-- --------------------------------------------------------

--
-- Table structure for table `admin`
--

CREATE TABLE `admin` (
  `admin_id` int(11) NOT NULL,
  `username` varchar(50) NOT NULL,
  `password` varchar(255) NOT NULL,
  `email` varchar(100) NOT NULL,
  `created_at` datetime DEFAULT current_timestamp()
) ENGINE=InnoDB DEFAULT CHARSET=utf8mb4 COLLATE=utf8mb4_unicode_ci;

--
-- Dumping data for table `admin`
--

INSERT INTO `admin` (`admin_id`, `username`, `password`, `email`, `created_at`) VALUES
(1, 'Arciee', '$2y$10$Q2t3mkro4PfO6/.TSzJNYuHDr5fwJ5icbUKLqTImeXa95X4UKXx4S', 'denvermartinez2112@gmail.com', '2025-07-23 08:47:37');

-- --------------------------------------------------------

--
-- Table structure for table `analytics_report`
--

CREATE TABLE `analytics_report` (
  `report_id` int(11) NOT NULL,
  `shop_id` int(11) NOT NULL,
  `report_type` varchar(100) NOT NULL,
  `value` decimal(10,2) NOT NULL,
  `report_date` date NOT NULL
) ENGINE=InnoDB DEFAULT CHARSET=utf8mb4 COLLATE=utf8mb4_unicode_ci;

-- --------------------------------------------------------

--
-- Table structure for table `cart`
--

CREATE TABLE `cart` (
  `cart_id` int(11) NOT NULL,
  `user_id` int(11) NOT NULL,
  `container_id` int(11) NOT NULL,
  `product_name` varchar(255) NOT NULL,
  `type` varchar(50) NOT NULL,
  `qty` int(11) NOT NULL DEFAULT 1,
  `price` decimal(10,2) NOT NULL
) ENGINE=InnoDB DEFAULT CHARSET=utf8mb4 COLLATE=utf8mb4_unicode_ci;

-- --------------------------------------------------------

--
-- Table structure for table `consumer`
--

CREATE TABLE `consumer` (
  `consumer_id` int(11) NOT NULL,
  `full_name` varchar(100) NOT NULL,
  `email` varchar(100) NOT NULL,
  `contact_number` varchar(15) NOT NULL,
  `username` varchar(50) NOT NULL,
  `password` varchar(255) NOT NULL,
  `created_at` datetime DEFAULT current_timestamp(),
  `suspended` tinyint(1) DEFAULT 0
) ENGINE=InnoDB DEFAULT CHARSET=utf8mb4 COLLATE=utf8mb4_unicode_ci;

--
-- Dumping data for table `consumer`
--

INSERT INTO `consumer` (`consumer_id`, `full_name`, `email`, `contact_number`, `username`, `password`, `created_at`, `suspended`) VALUES
(5, 'Maria Lourdes E. Ferrer', 'marieferrer@gmail.com', '09355718804', 'marie11', '$2y$10$fN2hGukduoUfQ87iUwKWCutLsjiD6M72ImTcoDwaXkATRyHikJEyC', '2025-07-27 10:36:08', 0),
(6, 'Princess Alma Hernandez', 'princessalmahernanadez@gmail.com', '09269002690', 'princessalma', '$2y$10$mhJjqLDgu9xZGXfQVTr08uTKaAPm.BzSiaAonpsmfQ9r/5vdPZO4q', '2025-07-27 10:36:13', 0),
(7, 'John Rc Denver Roxas', 'denvermartinez2112@gmail.com', '09362695356', 'RcCola21', '$2y$10$qqa2ycwcQvvRgq2b3RPg0e99uouu5LUtUj5XpKWJctzfI4Ow9jadO', '2025-07-27 10:44:25', 0),
(8, 'Sarah Mae Mendoza', 'sarahmaemendoza@gmail.com', '09575654566', 'sarahmae', '$2y$10$EzrmIz16J/z6Lb2aMmivtuZGj9lw35jZE6KNvPJUkFjc4QX4uOa6e', '2025-07-27 10:46:22', 0),
(9, 'Mariel N. Maullon', 'yel@gmail.com', '09654362543', 'yeyel', '$2y$10$.RcV4JHsjkJonRjV3mtGGuMWzsImDOkAcY1dueTqHjKrWl6k3vMuG', '2025-07-27 10:50:26', 0),
(10, 'Jocelle A. Baylon', 'jocelle@gmail.com', '09654321423', 'jocelle', '$2y$10$Y3FeA4usMe0oMXMyQyRca.9lTzpbmA8PIk6OkeBiGjQyrbCXn4iX6', '2025-07-27 10:52:09', 0),
(11, 'Angelica Ramos', 'angelica.ramos@email.com', '09171234501', 'angelramos', '$2y$10$7WM6V65aseWVeARbd63fZ.Cgm.cQQyEK9jid/G0/e75yeq7K5mXyS', '2025-07-27 11:13:41', 0),
(12, 'Marco Dela Cruz', 'marco.dc@email.com', '09181234502', 'marcdc', '$2y$10$xf7yJC5iC3AHpEAakcnFWOUGlKg4ZNQfIOIwv3/PAkMu9K0lGXYoW', '2025-07-27 11:14:20', 0),
(13, 'Justine Torres', 'justine.t@email.com', '09191234503', 'justinet', '$2y$10$/56CLUbK3ZYJNm5iHO/05O1u0moIQR.WNY/H1llKrt.CfStA4jDiO', '2025-07-27 11:16:20', 0),
(14, 'Katrina Mendoza', 'kat.mendoza@email.com', '09201234504', 'katmendz', '$2y$10$R8BMrOVvEl8lqX2RVgzXhutGFAeI5PTfNIwU4xanj1zANPvaWXdMG', '2025-07-27 11:16:56', 0),
(15, 'Daniel Santos', 'dsantos@email.com', '09211234505', 'daniels', '$2y$10$HHjof7ZkQ40EE9wx7OevVOudLqfsy/ziYw6lMCJXrQaQoC741ACOi', '2025-07-27 11:17:33', 0),
(16, 'Alyssa Gutierrez', 'alyssa.g@email.com', '09221234506', 'alygut', '$2y$10$1rOixfwwzhnhKWLP03YWIOPgXN8x1N/DyzUNcDYcPxWkofNvjFFhW', '2025-07-27 11:19:25', 0),
(17, 'Ryan Francisco', 'ry.francisco@email.com', '09231234507', 'rfrank', '$2y$10$IA.fDVIheOYHcFVDtXaDWOemjBFIEfCz8CU7jz0Dvn4LIKMV8uFcO', '2025-07-27 11:19:59', 0),
(18, 'Bea Lopez', 'bealopez@email.com', '09241234508', 'bea', '$2y$10$hPO0nJ2P4h/Bx.KY.QbnwefDsGKoOaR6vQbB1rf68xh7k4CHBWZ8e', '2025-07-27 11:20:38', 0),
(19, 'Joshua Navarro', 'josh.n@email.com', '09251234509', 'Josh', '$2y$10$8N11z8Mlet.fW0N7IqPSW.SkUNnO7u.8KOW7HWSxHOK3AIZQpKiDe', '2025-07-27 11:21:30', 0),
(20, 'Camille Reyes', 'cam.reyes@email.com', '09261234510', 'cams', '$2y$10$jHIeI9zBvObPkksP9BzG6u.wIzcn.WFT4rK/.3oGXSkDi8CnrGwru', '2025-07-27 11:22:28', 0),
(21, 'Patricia Alonzo', 'pat.alonzo@email.com', '09271234511', 'patalonzo', '$2y$10$j7IU86bgPiqcMdJ3y8CvHeUM0bUnuMcBdcKt/tKC2BhCnVdvvUZEG', '2025-07-27 11:23:29', 0),
(22, 'Kenneth Chua', 'ken.chua@email.com', '09281234512', 'kchua', '$2y$10$Y9e7rcee/kxKn7e0RaM7lOi5FC68Ge8R1pBdvltQMQmAjMAU6Irum', '2025-07-27 11:24:35', 0),
(23, 'Sofia Lim', 'sofia.l@email.com', '09291234513', 'sofialim', '$2y$10$o9A.5YSMpFOmOkpC2lyyg.oJo.t6u985bHggT4Xu0qDmB9.95BkNK', '2025-07-27 11:26:40', 0),
(24, 'Jerome Tan', 'jerome.t@email.com', '09301234514', 'jeromtan', '$2y$10$jDV8K82y/tciToEArtehx.17SAZBjul9UyL2n837gshiEulJFkviq', '2025-07-27 11:27:17', 0),
(25, 'Denise Valdez', 'den.valdez@email.com', '09311234515', 'dvaldez', '$2y$10$yg7xw4DNS6fd60JDxoOYludb.ltjBf6ZipGDaPF1wjgrxD9z2ocaa', '2025-07-27 11:28:12', 0),
(26, 'Carlo Gomez', 'carlo.g@email.com', '09321234516', 'carlog', '$2y$10$nlEFnNfuFz0Pt6IsLSyV9e0K6kk0hnLJ2dCyuWyes82VnCKshi8IC', '2025-07-27 11:29:21', 0),
(27, 'Rhea Cruz', 'rhea.c@email.com', '09331234517', 'rheacruz', '$2y$10$UWXGC2av7fH.CE7xs5vFCu4xjzsr7S2KV82pwRE6w79g10hGAOmdu', '2025-07-27 11:30:24', 0),
(28, 'Nathan Sy', 'nathansy@email.com', '09341234518', 'nathsy', '$2y$10$.NYO4ValAHwPeVLYwsmPm.sHYOqB2gpiqV62RrCLuOxY0pcUJe2BW', '2025-07-27 11:31:03', 0),
(29, 'Erika Domingo', 'erika.d@email.com', '09351234519', 'eridom', '$2y$10$StdijQb0UUIjDVQhmiGmw.vHxqeNTs7D7cOGn.lo9brPdq9IvFoHe', '2025-07-27 11:34:48', 0),
(30, 'Luis Bautista', 'luis.b@email.com', '09361234520', 'lbautista', '$2y$10$1sie3PDMkpVsfHfUIIcXLOrpph0im3tq6aFBcQJ3qG/udJFRumsd.', '2025-07-27 11:35:48', 0),
(31, 'Hannah Diaz', 'hannah.d@email.com', '09371234521', 'hannahd', '$2y$10$1hQV1Wvv1TBKz2jPG4zP6Ohu7TGlD1YiNdUfLG7cRmCI5.sAhN5H.', '2025-07-27 11:36:27', 0),
(32, 'Paulo Morales', 'paulo.m@email.com', '09381234522', 'paumorales', '$2y$10$7gTFeK6qj5redvVpdg7gnuBg9N8HrY9.Ua/60dw1SrXw0BSAmzSNq', '2025-07-27 11:37:21', 0),
(33, 'Nina Cabral', 'nina.c@email.com', '09391234523', 'ninacab', '$2y$10$rh9mzyPVEz1L2DFcXwl5f.Z4XLmpKqxM4UXcobKqa4VwnDm2DWt72', '2025-07-27 11:37:57', 0),
(34, 'Kyle Ramirez', 'kyle.r@email.com', '09401234524', 'kyleram', '$2y$10$Kf7i3jzjGlMFEvdApvuEyOKAnkuZHhXLQXZrONcr5cK3bXy7C/4QG', '2025-07-27 11:38:31', 0),
(35, 'Jessa Ong', 'jessa.o@email.com', '09411234525', 'jessao', '$2y$10$euOP7CLZuFDz8280VHXor.n5Ou5XH.G9CNPdoZ2afWbm19nMRoAT2', '2025-07-27 11:39:19', 0),
(36, 'Martin Tan', 'martin.t@email.com', '09421234526', 'martint', '$2y$10$ayTulgrrIBOcOv5mowrBpenF0b5GZXw7EqKSQ2C7g0wqzpotcQU1a', '2025-07-27 11:39:57', 0),
(37, 'Faith Aquino', 'faith.a@email.com', '09431234527', 'faithaq', '$2y$10$iSwdeOyzb2rxDC4temyi1eL36XyLjBJZdr9VUTuMFOpGiq6rkmgc2', '2025-07-27 11:40:54', 0),
(38, 'Rico Chavez', 'rico.c@email.com', '09441234528', 'ricochav', '$2y$10$UIuegruAUmDKJcynUyLZXOiELwx3QNgGfd9TnRxBYUPZP/7No8YjC', '2025-07-27 11:41:30', 0),
(39, 'Grace Flores', 'grace.f@email.com', '09451234529', 'gracef', '$2y$10$.VCCrS7.FwNpVI9o0FynweBZkgRjxuUy79mvBfFjMuNctU.r1OjKq', '2025-07-27 11:42:07', 0),
(40, 'Enzo dela Rosa', 'enzo.d@email.com', '09461234530', 'enzodr', '$2y$10$zDu8TFjV5BveD0EzAnwd6Ok8zaKzi1lwHQaO6pqerV3dBDgxRBaeu', '2025-07-27 11:42:41', 0),
(41, 'Nicole Vergara', 'nicole.v@email.com', '09471234531', 'nvergara', '$2y$10$EdjbX31EkjDJwqW6nTRjp.nMHHm2iVk1NzmPBgjuxZN8rCCDkBj8K', '2025-07-27 11:43:18', 0),
(42, 'Alvin Cortez', 'alvin.c@email.com', '09481234532', 'alvcortez', '$2y$10$RYfSntGtARogsmcY6uK71Ok00ELAJpR.dO00Go/m5uQgle.yZFOYy', '2025-07-27 11:43:51', 0),
(43, 'Clarisse Yu', 'clarisse.y@email.com', '09491234533', 'clyu', '$2y$10$roGNIi.m6Ck0WTeqUFNGlem0ZgSgRcdnlYFt7NLWOtAxNgPXye6be', '2025-07-27 11:44:25', 0),
(44, 'Mark Tan', 'mark.t@email.com', '09501234534', 'marktan', '$2y$10$w6CXixUfLkNULunk2590euktuq3eDVpeGRPq4KPLAAZOcys1zswr6', '2025-07-27 11:45:03', 0),
(45, 'Shiela Dizon', 'shiela.d@email.com', '09511234535', 'shiella', '$2y$10$tDvfrklF4OhAQkun/e2/WeGfpwJHfKnb5VBqas8fGLl0DQIAfG3zq', '2025-07-27 11:45:40', 0),
(46, 'Leo Ramos', 'leo.r@email.com', '09521234536', 'leoramos', '$2y$10$XAolmfwqczu/IzoUxzk0x.S1KtN0eeZl/GefM59lfyQounkmozs2C', '2025-07-27 11:46:13', 0),
(47, 'Abby Santos', 'abby.s@email.com', '09531234537', 'abbsantos', '$2y$10$.NnwHLPKg9Ejxz9ODw6PBOmaIj9b/p5QM0V0ceKtuN5ej3kDtBDFS', '2025-07-27 11:46:51', 0),
(48, 'CJ Torres', 'cj.t@email.com', '09541234538', 'cjtorres', '$2y$10$QM.6.dgRK6g8cwVmsgL8yeRBeXKWdzqrhwItCUNQKp8OFbr9rxtiu', '2025-07-27 11:47:24', 0),
(49, 'Trina Legaspi', 'trina.l@email.com', '09551234539', 'trinleg', '$2y$10$tPjawCXUeti2tbICq8wvOuR9K45GC67gNEg0f/BI4v4jT8Xd14zKq', '2025-07-27 11:48:01', 0),
(50, 'Bryan Alcantara', 'bryan.a@email.com', '09561234540', 'bryalc', '$2y$10$2fgG1Go2gIUDyQQEYMDl9ewmqn7KRZpYU0iOuzMUQbGV3WC38JKZW', '2025-07-27 11:48:35', 0),
(51, 'Ingrid Soriano', 'ingrid.s@email.com', '09571234541', 'ingrsor', '$2y$10$WNbU7.yxhy8ZRCq8qfMIIOPPI6cKFzYRX0.1zCXrGMekMhZ65bRJW', '2025-07-27 11:49:26', 0),
(52, 'Vincent Yu', 'vincent.y@email.com', '09581234542', 'vincyu', '$2y$10$yy.o5lkHDhhwDML96G84XuYDVEmYGyEQZPISbic9DNd5jFQPWfoNO', '2025-07-27 11:49:58', 0),
(53, 'MJ dela Cruz', 'mj.dc@email.com', '09591234543', 'mjdc', '$2y$10$AE3Pf/AcZNTsboom04v7ZeQrDJ1DE6x.FsCOQClROGbwaKLwOQkSG', '2025-07-27 11:50:35', 0),
(54, 'Carla Ramos', 'carla.r@email.com', '09601234544', 'carlrams', '$2y$10$OHLrRX9SAWD/f1kb92EwwOf7U/.kZweORD.LP8uAFlAipc6NImyCq', '2025-07-27 11:51:11', 0),
(55, 'Alfred Lim', 'alfred.l@email.com', '09611234545', 'alfylim', '$2y$10$MruK7MYJpGM3oFNXq.21suX3dghK7o6vu3ZR8B1sqIJivpZBqG3M.', '2025-07-27 11:51:42', 0),
(56, 'Jenna Robles', 'jenna.r@email.com', '09621234546', 'jrobles', '$2y$10$cUa7mE8jP2ZN762JJbofmuRGmCsogqOf4iC04cN4Z97AWMJE3vSpq', '2025-07-27 11:52:20', 0),
(57, 'Tristan Go', 'tristan.g@email.com', '09631234547', 'tristanG', '$2y$10$Tf3S3TXyaFP2aJIlOqBbj.pyAKZV9ncr/nKvLEI6BlQl1kicnPprO', '2025-07-27 11:52:55', 0),
(58, 'Paula Magno', 'paula.m@email.com', '09641234548', 'paulamag', '$2y$10$rhPqP3Cw18F9fknVdcev/uFsN2EkQAhbCPH6kV6q9W/rIoxCupXtW', '2025-07-27 11:53:32', 0),
(59, 'Andre Pascual', 'andre.p@email.com', '09651234549', 'andreii', '$2y$10$Oq2BwUswyOuVHihA2p796etEAacK5nYssZzW4rs1Ecs7ZbksGXJDm', '2025-07-27 11:54:05', 0);

-- --------------------------------------------------------

--
-- Table structure for table `consumer_feedback`
--

CREATE TABLE `consumer_feedback` (
  `feedback_id` int(11) NOT NULL,
  `consumer_id` int(11) NOT NULL,
  `shop_id` int(11) NOT NULL,
  `rating` int(11) DEFAULT NULL CHECK (`rating` between 1 and 5),
  `comments` text DEFAULT NULL,
  `created_at` datetime DEFAULT current_timestamp()
) ENGINE=InnoDB DEFAULT CHARSET=utf8mb4 COLLATE=utf8mb4_unicode_ci;

-- --------------------------------------------------------

--
-- Table structure for table `container`
--

CREATE TABLE `container` (
  `container_id` int(11) NOT NULL,
  `shop_id` int(11) NOT NULL,
  `type` varchar(50) NOT NULL,
  `stock_quantity` int(11) NOT NULL,
  `damaged_container` int(255) NOT NULL,
  `missing_container` int(255) NOT NULL,
  `price_new` decimal(10,2) DEFAULT NULL,
  `price_refill` decimal(10,2) DEFAULT NULL
) ENGINE=InnoDB DEFAULT CHARSET=utf8mb4 COLLATE=utf8mb4_unicode_ci;

--
-- Dumping data for table `container`
--

INSERT INTO `container` (`container_id`, `shop_id`, `type`, `stock_quantity`, `damaged_container`, `missing_container`, `price_new`, `price_refill`) VALUES
(7, 12, 'Rectangle Water Container', 100, 0, 0, 55.00, 25.00),
(9, 12, 'Oval Water Container', 100, 0, 0, 55.00, 25.00),
(10, 13, 'Rectangle Water Container', 100, 0, 0, 55.00, 25.00),
(11, 13, 'Oval Water Container', 100, 0, 0, 55.00, 25.00);

-- --------------------------------------------------------

--
-- Table structure for table `delivery_record`
--

CREATE TABLE `delivery_record` (
  `delivery_id` int(11) NOT NULL,
  `order_id` int(11) NOT NULL,
  `employee_id` int(11) DEFAULT NULL,
  `delivery_status` varchar(50) DEFAULT 'pending',
  `delivery_date` datetime DEFAULT NULL
) ENGINE=InnoDB DEFAULT CHARSET=utf8mb4 COLLATE=utf8mb4_unicode_ci;

-- --------------------------------------------------------

--
-- Table structure for table `distributor`
--

CREATE TABLE `distributor` (
  `distributor_id` int(11) NOT NULL,
  `name` varchar(255) NOT NULL,
  `phone` varchar(15) NOT NULL,
  `email` varchar(100) NOT NULL,
  `password` varchar(255) NOT NULL,
  `created_at` datetime DEFAULT current_timestamp(),
  `status` varchar(255) NOT NULL
) ENGINE=InnoDB DEFAULT CHARSET=utf8mb4 COLLATE=utf8mb4_unicode_ci;

--
-- Dumping data for table `distributor`
--

INSERT INTO `distributor` (`distributor_id`, `name`, `phone`, `email`, `password`, `created_at`, `status`) VALUES
(12, 'Vince Albert D. Alcaraz', '09454566364', 'DaVinci@gmail.com', '$2y$10$s3e.u.kTFxQF9irRO0K0suWX/.iQZg17IWxnBb4PM/pJrT0452DJO', '2025-07-26 02:09:54', 'Approved'),
(13, 'Christel Jhoy E. Ferrer', '09683074622', 'christeljhoyferrer771@gmail.com', '$2y$10$zVqHlABGacExyQ2EuxaXVOutxrOYJA1HKP6j5D3AfAlSlqHalAq.a', '2025-07-27 10:05:00', 'Approved'),
(16, 'Timothy James Alcantara', '09756456756', 'timothy123@gmail.com', '$2y$10$3tvUGBUIZtTvzC23wXPJXee/Jt7uXUccZXL6d5VER3XwosOVwQG6K', '2025-07-27 17:43:12', 'Pending');

-- --------------------------------------------------------

--
-- Table structure for table `employee`
--

CREATE TABLE `employee` (
  `employee_id` int(11) NOT NULL,
  `distributor_id` int(11) NOT NULL,
  `name` varchar(100) NOT NULL,
  `contact_number` varchar(15) DEFAULT NULL,
  `position` varchar(50) DEFAULT NULL,
  `created_at` datetime DEFAULT current_timestamp()
) ENGINE=InnoDB DEFAULT CHARSET=utf8mb4 COLLATE=utf8mb4_unicode_ci;

-- --------------------------------------------------------

--
-- Table structure for table `feedback`
--

CREATE TABLE `feedback` (
  `id` int(11) NOT NULL,
  `user_id` int(11) NOT NULL,
  `message` text NOT NULL,
  `date` datetime DEFAULT current_timestamp(),
  `resolved` tinyint(1) DEFAULT 0,
  `reply` text DEFAULT NULL
) ENGINE=InnoDB DEFAULT CHARSET=utf8mb4 COLLATE=utf8mb4_unicode_ci;

-- --------------------------------------------------------

--
-- Table structure for table `messages`
--

CREATE TABLE `messages` (
  `message_id` int(11) NOT NULL,
  `sender_id` int(11) NOT NULL,
  `receiver_id` int(11) NOT NULL,
  `sender_type` enum('consumer','distributor','admin') NOT NULL,
  `receiver_type` enum('consumer','distributor','admin') NOT NULL,
  `content` text NOT NULL,
  `sent_at` datetime DEFAULT current_timestamp(),
  `is_read` tinyint(1) DEFAULT 0
) ENGINE=InnoDB DEFAULT CHARSET=utf8mb4 COLLATE=utf8mb4_unicode_ci;

--
-- Dumping data for table `messages`
--

INSERT INTO `messages` (`message_id`, `sender_id`, `receiver_id`, `sender_type`, `receiver_type`, `content`, `sent_at`, `is_read`) VALUES
(1, 1, 1, 'admin', 'distributor', 'hello', '2025-07-27 16:45:22', 0);

-- --------------------------------------------------------

--
-- Table structure for table `notification`
--

CREATE TABLE `notification` (
  `notification_id` int(11) NOT NULL,
  `consumer_id` int(11) DEFAULT NULL,
  `distributor_id` int(11) DEFAULT NULL,
  `message` text NOT NULL,
  `is_read` tinyint(1) DEFAULT 0,
  `created_at` datetime DEFAULT current_timestamp()
) ENGINE=InnoDB DEFAULT CHARSET=utf8mb4 COLLATE=utf8mb4_unicode_ci;

-- --------------------------------------------------------

--
-- Table structure for table `orders`
--

CREATE TABLE `orders` (
  `order_id` int(11) NOT NULL,
  `consumer_id` int(11) NOT NULL,
  `shop_id` int(11) NOT NULL,
  `address_id` int(11) DEFAULT NULL,
  `total_amount` decimal(10,2) NOT NULL,
  `status` varchar(50) DEFAULT 'pending',
  `order_date` datetime DEFAULT current_timestamp()
) ENGINE=InnoDB DEFAULT CHARSET=utf8mb4 COLLATE=utf8mb4_unicode_ci;

--
-- Dumping data for table `orders`
--

INSERT INTO `orders` (`order_id`, `consumer_id`, `shop_id`, `address_id`, `total_amount`, `status`, `order_date`) VALUES
(10251, 5, 12, 1, 100.00, 'Completed', '2024-06-29 00:00:00'),
(10252, 5, 12, 1, 100.00, 'Completed', '2024-04-11 00:00:00'),
(10253, 5, 12, 1, 100.00, 'Completed', '2023-03-16 00:00:00'),
(10254, 5, 12, 1, 100.00, 'Completed', '2025-05-03 00:00:00'),
(10255, 5, 12, 1, 100.00, 'Completed', '2024-09-10 00:00:00'),
(10256, 5, 12, 1, 100.00, 'Completed', '2023-05-13 00:00:00'),
(10257, 5, 12, 1, 100.00, 'Completed', '2024-05-07 00:00:00'),
(10258, 5, 12, 1, 100.00, 'Completed', '2023-07-19 00:00:00'),
(10259, 5, 12, 1, 100.00, 'Completed', '2025-01-25 00:00:00'),
(10260, 5, 12, 1, 100.00, 'Completed', '2024-11-05 00:00:00'),
(10261, 5, 13, 1, 100.00, 'Completed', '2025-01-04 00:00:00'),
(10262, 5, 13, 1, 100.00, 'Completed', '2025-07-07 00:00:00'),
(10263, 5, 13, 1, 100.00, 'Completed', '2023-06-24 00:00:00'),
(10264, 5, 13, 1, 100.00, 'Completed', '2024-03-15 00:00:00'),
(10265, 5, 13, 1, 100.00, 'Completed', '2024-03-03 00:00:00'),
(10266, 5, 13, 1, 100.00, 'Completed', '2025-01-22 00:00:00'),
(10267, 5, 13, 1, 100.00, 'Completed', '2025-03-25 00:00:00'),
(10268, 5, 13, 1, 100.00, 'Completed', '2024-12-25 00:00:00'),
(10269, 5, 13, 1, 100.00, 'Completed', '2023-11-29 00:00:00'),
(10270, 5, 13, 1, 100.00, 'Completed', '2024-05-06 00:00:00'),
(10281, 6, 12, 2, 100.00, 'Completed', '2024-11-27 00:00:00'),
(10282, 6, 12, 2, 100.00, 'Completed', '2025-06-15 00:00:00'),
(10283, 6, 12, 2, 100.00, 'Completed', '2024-03-02 00:00:00'),
(10284, 6, 12, 2, 100.00, 'Completed', '2024-07-18 00:00:00'),
(10285, 6, 12, 2, 100.00, 'Completed', '2025-02-07 00:00:00'),
(10286, 6, 12, 2, 100.00, 'Completed', '2023-11-23 00:00:00'),
(10287, 6, 12, 2, 100.00, 'Completed', '2024-12-05 00:00:00'),
(10288, 6, 12, 2, 100.00, 'Completed', '2024-10-29 00:00:00'),
(10289, 6, 12, 2, 100.00, 'Completed', '2024-09-26 00:00:00'),
(10290, 6, 12, 2, 100.00, 'Completed', '2025-04-07 00:00:00'),
(10291, 6, 13, 2, 100.00, 'Completed', '2023-10-30 00:00:00'),
(10292, 6, 13, 2, 100.00, 'Completed', '2024-08-11 00:00:00'),
(10293, 6, 13, 2, 100.00, 'Completed', '2024-03-20 00:00:00'),
(10294, 6, 13, 2, 100.00, 'Completed', '2025-07-20 00:00:00'),
(10295, 6, 13, 2, 100.00, 'Completed', '2024-08-04 00:00:00'),
(10296, 6, 13, 2, 100.00, 'Completed', '2025-02-05 00:00:00'),
(10297, 6, 13, 2, 100.00, 'Completed', '2024-08-19 00:00:00'),
(10298, 6, 13, 2, 100.00, 'Completed', '2025-01-10 00:00:00'),
(10299, 6, 13, 2, 100.00, 'Completed', '2025-06-15 00:00:00'),
(10300, 6, 13, 2, 100.00, 'Completed', '2023-05-31 00:00:00'),
(10311, 7, 12, 3, 100.00, 'Completed', '2023-10-09 00:00:00'),
(10312, 7, 12, 3, 100.00, 'Completed', '2023-08-10 00:00:00'),
(10313, 7, 12, 3, 100.00, 'Completed', '2024-12-22 00:00:00'),
(10314, 7, 12, 3, 100.00, 'Completed', '2023-05-10 00:00:00'),
(10315, 7, 12, 3, 100.00, 'Completed', '2023-10-14 00:00:00'),
(10316, 7, 12, 3, 100.00, 'Completed', '2024-10-30 00:00:00'),
(10317, 7, 12, 3, 100.00, 'Completed', '2025-01-17 00:00:00'),
(10318, 7, 12, 3, 100.00, 'Completed', '2024-03-14 00:00:00'),
(10319, 7, 12, 3, 100.00, 'Completed', '2025-05-23 00:00:00'),
(10320, 7, 12, 3, 100.00, 'Completed', '2025-02-27 00:00:00'),
(10321, 7, 13, 3, 100.00, 'Completed', '2023-02-01 00:00:00'),
(10322, 7, 13, 3, 100.00, 'Completed', '2023-12-21 00:00:00'),
(10323, 7, 13, 3, 100.00, 'Completed', '2023-10-12 00:00:00'),
(10324, 7, 13, 3, 100.00, 'Completed', '2023-02-28 00:00:00'),
(10325, 7, 13, 3, 100.00, 'Completed', '2025-02-19 00:00:00'),
(10326, 7, 13, 3, 100.00, 'Completed', '2025-02-27 00:00:00'),
(10327, 7, 13, 3, 100.00, 'Completed', '2025-01-12 00:00:00'),
(10328, 7, 13, 3, 100.00, 'Completed', '2024-08-17 00:00:00'),
(10329, 7, 13, 3, 100.00, 'Completed', '2023-11-29 00:00:00'),
(10330, 7, 13, 3, 100.00, 'Completed', '2023-09-01 00:00:00'),
(10341, 8, 12, 4, 100.00, 'Completed', '2023-04-08 00:00:00'),
(10342, 8, 12, 4, 100.00, 'Completed', '2024-07-12 00:00:00'),
(10343, 8, 12, 4, 100.00, 'Completed', '2025-02-16 00:00:00'),
(10344, 8, 12, 4, 100.00, 'Completed', '2023-08-02 00:00:00'),
(10345, 8, 12, 4, 100.00, 'Completed', '2025-03-08 00:00:00'),
(10346, 8, 12, 4, 100.00, 'Completed', '2025-04-28 00:00:00'),
(10347, 8, 12, 4, 100.00, 'Completed', '2023-12-25 00:00:00'),
(10348, 8, 12, 4, 100.00, 'Completed', '2023-06-09 00:00:00'),
(10349, 8, 12, 4, 100.00, 'Completed', '2023-09-06 00:00:00'),
(10350, 8, 12, 4, 100.00, 'Completed', '2024-07-20 00:00:00'),
(10351, 8, 13, 4, 100.00, 'Completed', '2023-06-26 00:00:00'),
(10352, 8, 13, 4, 100.00, 'Completed', '2023-03-16 00:00:00'),
(10353, 8, 13, 4, 100.00, 'Completed', '2023-10-11 00:00:00'),
(10354, 8, 13, 4, 100.00, 'Completed', '2023-02-24 00:00:00'),
(10355, 8, 13, 4, 100.00, 'Completed', '2024-02-17 00:00:00'),
(10356, 8, 13, 4, 100.00, 'Completed', '2024-07-06 00:00:00'),
(10357, 8, 13, 4, 100.00, 'Completed', '2023-07-29 00:00:00'),
(10358, 8, 13, 4, 100.00, 'Completed', '2025-06-06 00:00:00'),
(10359, 8, 13, 4, 100.00, 'Completed', '2024-09-13 00:00:00'),
(10360, 8, 13, 4, 100.00, 'Completed', '2024-03-13 00:00:00'),
(10371, 9, 12, 5, 100.00, 'Completed', '2023-06-27 00:00:00'),
(10372, 9, 12, 5, 100.00, 'Completed', '2025-01-23 00:00:00'),
(10373, 9, 12, 5, 100.00, 'Completed', '2023-06-20 00:00:00'),
(10374, 9, 12, 5, 100.00, 'Completed', '2025-03-23 00:00:00'),
(10375, 9, 12, 5, 100.00, 'Completed', '2024-01-24 00:00:00'),
(10376, 9, 12, 5, 100.00, 'Completed', '2024-10-14 00:00:00'),
(10377, 9, 12, 5, 100.00, 'Completed', '2024-04-18 00:00:00'),
(10378, 9, 12, 5, 100.00, 'Completed', '2024-07-21 00:00:00'),
(10379, 9, 12, 5, 100.00, 'Completed', '2024-11-30 00:00:00'),
(10380, 9, 12, 5, 100.00, 'Completed', '2023-11-24 00:00:00'),
(10381, 9, 13, 5, 100.00, 'Completed', '2024-01-04 00:00:00'),
(10382, 9, 13, 5, 100.00, 'Completed', '2025-02-16 00:00:00'),
(10383, 9, 13, 5, 100.00, 'Completed', '2024-10-27 00:00:00'),
(10384, 9, 13, 5, 100.00, 'Completed', '2023-11-13 00:00:00'),
(10385, 9, 13, 5, 100.00, 'Completed', '2025-02-02 00:00:00'),
(10386, 9, 13, 5, 100.00, 'Completed', '2025-07-24 00:00:00'),
(10387, 9, 13, 5, 100.00, 'Completed', '2025-02-14 00:00:00'),
(10388, 9, 13, 5, 100.00, 'Completed', '2023-06-12 00:00:00'),
(10389, 9, 13, 5, 100.00, 'Completed', '2024-06-18 00:00:00'),
(10390, 9, 13, 5, 100.00, 'Completed', '2025-05-01 00:00:00'),
(10401, 10, 12, 6, 100.00, 'Completed', '2024-12-06 00:00:00'),
(10402, 10, 12, 6, 100.00, 'Completed', '2024-12-27 00:00:00'),
(10403, 10, 12, 6, 100.00, 'Completed', '2024-09-13 00:00:00'),
(10404, 10, 12, 6, 100.00, 'Completed', '2023-04-23 00:00:00'),
(10405, 10, 12, 6, 100.00, 'Completed', '2024-09-28 00:00:00'),
(10406, 10, 12, 6, 100.00, 'Completed', '2023-03-24 00:00:00'),
(10407, 10, 12, 6, 100.00, 'Completed', '2024-10-28 00:00:00'),
(10408, 10, 12, 6, 100.00, 'Completed', '2024-03-24 00:00:00'),
(10409, 10, 12, 6, 100.00, 'Completed', '2023-01-21 00:00:00'),
(10410, 10, 12, 6, 100.00, 'Completed', '2025-03-04 00:00:00'),
(10411, 10, 13, 6, 100.00, 'Completed', '2023-09-16 00:00:00'),
(10412, 10, 13, 6, 100.00, 'Completed', '2024-04-26 00:00:00'),
(10413, 10, 13, 6, 100.00, 'Completed', '2024-07-11 00:00:00'),
(10414, 10, 13, 6, 100.00, 'Completed', '2024-09-09 00:00:00'),
(10415, 10, 13, 6, 100.00, 'Completed', '2024-07-19 00:00:00'),
(10416, 10, 13, 6, 100.00, 'Completed', '2024-04-15 00:00:00'),
(10417, 10, 13, 6, 100.00, 'Completed', '2025-02-12 00:00:00'),
(10418, 10, 13, 6, 100.00, 'Completed', '2024-01-27 00:00:00'),
(10419, 10, 13, 6, 100.00, 'Completed', '2023-05-16 00:00:00'),
(10420, 10, 13, 6, 100.00, 'Completed', '2023-09-03 00:00:00'),
(10431, 11, 12, 7, 100.00, 'Completed', '2023-03-04 00:00:00'),
(10432, 11, 12, 7, 100.00, 'Completed', '2024-04-10 00:00:00'),
(10433, 11, 12, 7, 100.00, 'Completed', '2025-05-24 00:00:00'),
(10434, 11, 12, 7, 100.00, 'Completed', '2023-07-02 00:00:00'),
(10435, 11, 12, 7, 100.00, 'Completed', '2024-02-06 00:00:00'),
(10436, 11, 12, 7, 100.00, 'Completed', '2025-07-21 00:00:00'),
(10437, 11, 12, 7, 100.00, 'Completed', '2025-06-02 00:00:00'),
(10438, 11, 12, 7, 100.00, 'Completed', '2024-03-25 00:00:00'),
(10439, 11, 12, 7, 100.00, 'Completed', '2025-06-14 00:00:00'),
(10440, 11, 12, 7, 100.00, 'Completed', '2024-02-24 00:00:00'),
(10441, 11, 13, 7, 100.00, 'Completed', '2023-01-22 00:00:00'),
(10442, 11, 13, 7, 100.00, 'Completed', '2024-11-29 00:00:00'),
(10443, 11, 13, 7, 100.00, 'Completed', '2025-06-22 00:00:00'),
(10444, 11, 13, 7, 100.00, 'Completed', '2025-05-17 00:00:00'),
(10445, 11, 13, 7, 100.00, 'Completed', '2023-01-18 00:00:00'),
(10446, 11, 13, 7, 100.00, 'Completed', '2024-05-20 00:00:00'),
(10447, 11, 13, 7, 100.00, 'Completed', '2024-06-21 00:00:00'),
(10448, 11, 13, 7, 100.00, 'Completed', '2023-09-20 00:00:00'),
(10449, 11, 13, 7, 100.00, 'Completed', '2025-04-23 00:00:00'),
(10450, 11, 13, 7, 100.00, 'Completed', '2023-11-26 00:00:00'),
(10461, 12, 12, 8, 100.00, 'Completed', '2023-01-06 00:00:00'),
(10462, 12, 12, 8, 100.00, 'Completed', '2024-01-15 00:00:00'),
(10463, 12, 12, 8, 100.00, 'Completed', '2023-07-22 00:00:00'),
(10464, 12, 12, 8, 100.00, 'Completed', '2023-12-05 00:00:00'),
(10465, 12, 12, 8, 100.00, 'Completed', '2023-01-13 00:00:00'),
(10466, 12, 12, 8, 100.00, 'Completed', '2023-10-11 00:00:00'),
(10467, 12, 12, 8, 100.00, 'Completed', '2025-02-10 00:00:00'),
(10468, 12, 12, 8, 100.00, 'Completed', '2024-08-13 00:00:00'),
(10469, 12, 12, 8, 100.00, 'Completed', '2023-05-02 00:00:00'),
(10470, 12, 12, 8, 100.00, 'Completed', '2023-11-12 00:00:00'),
(10471, 12, 13, 8, 100.00, 'Completed', '2025-01-15 00:00:00'),
(10472, 12, 13, 8, 100.00, 'Completed', '2023-05-21 00:00:00'),
(10473, 12, 13, 8, 100.00, 'Completed', '2024-03-28 00:00:00'),
(10474, 12, 13, 8, 100.00, 'Completed', '2024-05-01 00:00:00'),
(10475, 12, 13, 8, 100.00, 'Completed', '2024-05-05 00:00:00'),
(10476, 12, 13, 8, 100.00, 'Completed', '2025-01-09 00:00:00'),
(10477, 12, 13, 8, 100.00, 'Completed', '2025-07-25 00:00:00'),
(10478, 12, 13, 8, 100.00, 'Completed', '2024-06-19 00:00:00'),
(10479, 12, 13, 8, 100.00, 'Completed', '2024-11-24 00:00:00'),
(10480, 12, 13, 8, 100.00, 'Completed', '2024-12-03 00:00:00'),
(10491, 13, 12, 9, 100.00, 'Completed', '2024-02-14 00:00:00'),
(10492, 13, 12, 9, 100.00, 'Completed', '2025-02-01 00:00:00'),
(10493, 13, 12, 9, 100.00, 'Completed', '2023-09-07 00:00:00'),
(10494, 13, 12, 9, 100.00, 'Completed', '2023-11-20 00:00:00'),
(10495, 13, 12, 9, 100.00, 'Completed', '2023-12-28 00:00:00'),
(10496, 13, 12, 9, 100.00, 'Completed', '2024-05-20 00:00:00'),
(10497, 13, 12, 9, 100.00, 'Completed', '2024-11-21 00:00:00'),
(10498, 13, 12, 9, 100.00, 'Completed', '2023-12-06 00:00:00'),
(10499, 13, 12, 9, 100.00, 'Completed', '2023-02-25 00:00:00'),
(10500, 13, 12, 9, 100.00, 'Completed', '2025-05-17 00:00:00'),
(10501, 13, 13, 9, 100.00, 'Completed', '2025-06-29 00:00:00'),
(10502, 13, 13, 9, 100.00, 'Completed', '2024-02-08 00:00:00'),
(10503, 13, 13, 9, 100.00, 'Completed', '2023-07-04 00:00:00'),
(10504, 13, 13, 9, 100.00, 'Completed', '2023-06-01 00:00:00'),
(10505, 13, 13, 9, 100.00, 'Completed', '2024-07-22 00:00:00'),
(10506, 13, 13, 9, 100.00, 'Completed', '2023-03-19 00:00:00'),
(10507, 13, 13, 9, 100.00, 'Completed', '2023-10-01 00:00:00'),
(10508, 13, 13, 9, 100.00, 'Completed', '2023-03-05 00:00:00'),
(10509, 13, 13, 9, 100.00, 'Completed', '2024-05-18 00:00:00'),
(10510, 13, 13, 9, 100.00, 'Completed', '2023-04-09 00:00:00'),
(10521, 14, 12, 10, 100.00, 'Completed', '2024-02-18 00:00:00'),
(10522, 14, 12, 10, 100.00, 'Completed', '2023-08-18 00:00:00'),
(10523, 14, 12, 10, 100.00, 'Completed', '2024-09-13 00:00:00'),
(10524, 14, 12, 10, 100.00, 'Completed', '2023-12-09 00:00:00'),
(10525, 14, 12, 10, 100.00, 'Completed', '2023-12-02 00:00:00'),
(10526, 14, 12, 10, 100.00, 'Completed', '2024-11-29 00:00:00'),
(10527, 14, 12, 10, 100.00, 'Completed', '2025-06-11 00:00:00'),
(10528, 14, 12, 10, 100.00, 'Completed', '2025-07-16 00:00:00'),
(10529, 14, 12, 10, 100.00, 'Completed', '2024-03-06 00:00:00'),
(10530, 14, 12, 10, 100.00, 'Completed', '2023-01-27 00:00:00'),
(10531, 14, 13, 10, 100.00, 'Completed', '2025-06-07 00:00:00'),
(10532, 14, 13, 10, 100.00, 'Completed', '2025-06-28 00:00:00'),
(10533, 14, 13, 10, 100.00, 'Completed', '2025-06-26 00:00:00'),
(10534, 14, 13, 10, 100.00, 'Completed', '2023-09-06 00:00:00'),
(10535, 14, 13, 10, 100.00, 'Completed', '2023-03-31 00:00:00'),
(10536, 14, 13, 10, 100.00, 'Completed', '2024-04-19 00:00:00'),
(10537, 14, 13, 10, 100.00, 'Completed', '2025-04-01 00:00:00'),
(10538, 14, 13, 10, 100.00, 'Completed', '2023-12-20 00:00:00'),
(10539, 14, 13, 10, 100.00, 'Completed', '2024-05-23 00:00:00'),
(10540, 14, 13, 10, 100.00, 'Completed', '2023-05-20 00:00:00'),
(10551, 15, 12, 11, 100.00, 'Completed', '2025-03-11 00:00:00'),
(10552, 15, 12, 11, 100.00, 'Completed', '2024-04-27 00:00:00'),
(10553, 15, 12, 11, 100.00, 'Completed', '2023-05-05 00:00:00'),
(10554, 15, 12, 11, 100.00, 'Completed', '2024-10-03 00:00:00'),
(10555, 15, 12, 11, 100.00, 'Completed', '2023-06-17 00:00:00'),
(10556, 15, 12, 11, 100.00, 'Completed', '2025-01-21 00:00:00'),
(10557, 15, 12, 11, 100.00, 'Completed', '2023-09-16 00:00:00'),
(10558, 15, 12, 11, 100.00, 'Completed', '2024-01-24 00:00:00'),
(10559, 15, 12, 11, 100.00, 'Completed', '2024-10-15 00:00:00'),
(10560, 15, 12, 11, 100.00, 'Completed', '2024-05-19 00:00:00'),
(10561, 15, 13, 11, 100.00, 'Completed', '2023-09-27 00:00:00'),
(10562, 15, 13, 11, 100.00, 'Completed', '2025-06-08 00:00:00'),
(10563, 15, 13, 11, 100.00, 'Completed', '2023-03-13 00:00:00'),
(10564, 15, 13, 11, 100.00, 'Completed', '2024-03-21 00:00:00'),
(10565, 15, 13, 11, 100.00, 'Completed', '2025-05-23 00:00:00'),
(10566, 15, 13, 11, 100.00, 'Completed', '2024-09-01 00:00:00'),
(10567, 15, 13, 11, 100.00, 'Completed', '2025-03-01 00:00:00'),
(10568, 15, 13, 11, 100.00, 'Completed', '2025-04-28 00:00:00'),
(10569, 15, 13, 11, 100.00, 'Completed', '2024-08-19 00:00:00'),
(10570, 15, 13, 11, 100.00, 'Completed', '2024-01-31 00:00:00'),
(10581, 16, 12, 12, 100.00, 'Completed', '2023-07-22 00:00:00'),
(10582, 16, 12, 12, 100.00, 'Completed', '2024-12-14 00:00:00'),
(10583, 16, 12, 12, 100.00, 'Completed', '2023-01-03 00:00:00'),
(10584, 16, 12, 12, 100.00, 'Completed', '2024-10-07 00:00:00'),
(10585, 16, 12, 12, 100.00, 'Completed', '2023-01-16 00:00:00'),
(10586, 16, 12, 12, 100.00, 'Completed', '2024-10-07 00:00:00'),
(10587, 16, 12, 12, 100.00, 'Completed', '2024-08-05 00:00:00'),
(10588, 16, 12, 12, 100.00, 'Completed', '2023-04-03 00:00:00'),
(10589, 16, 12, 12, 100.00, 'Completed', '2023-04-30 00:00:00'),
(10590, 16, 12, 12, 100.00, 'Completed', '2024-04-05 00:00:00'),
(10591, 16, 13, 12, 100.00, 'Completed', '2024-07-08 00:00:00'),
(10592, 16, 13, 12, 100.00, 'Completed', '2025-04-07 00:00:00'),
(10593, 16, 13, 12, 100.00, 'Completed', '2024-08-08 00:00:00'),
(10594, 16, 13, 12, 100.00, 'Completed', '2023-04-11 00:00:00'),
(10595, 16, 13, 12, 100.00, 'Completed', '2024-09-28 00:00:00'),
(10596, 16, 13, 12, 100.00, 'Completed', '2024-01-17 00:00:00'),
(10597, 16, 13, 12, 100.00, 'Completed', '2023-07-08 00:00:00'),
(10598, 16, 13, 12, 100.00, 'Completed', '2023-03-10 00:00:00'),
(10599, 16, 13, 12, 100.00, 'Completed', '2024-02-05 00:00:00'),
(10600, 16, 13, 12, 100.00, 'Completed', '2023-06-29 00:00:00'),
(10611, 17, 12, 13, 100.00, 'Completed', '2025-03-02 00:00:00'),
(10612, 17, 12, 13, 100.00, 'Completed', '2023-08-27 00:00:00'),
(10613, 17, 12, 13, 100.00, 'Completed', '2024-06-20 00:00:00'),
(10614, 17, 12, 13, 100.00, 'Completed', '2025-05-07 00:00:00'),
(10615, 17, 12, 13, 100.00, 'Completed', '2024-10-24 00:00:00'),
(10616, 17, 12, 13, 100.00, 'Completed', '2025-02-09 00:00:00'),
(10617, 17, 12, 13, 100.00, 'Completed', '2024-09-27 00:00:00'),
(10618, 17, 12, 13, 100.00, 'Completed', '2023-02-12 00:00:00'),
(10619, 17, 12, 13, 100.00, 'Completed', '2023-10-01 00:00:00'),
(10620, 17, 12, 13, 100.00, 'Completed', '2023-03-16 00:00:00'),
(10621, 17, 13, 13, 100.00, 'Completed', '2024-12-22 00:00:00'),
(10622, 17, 13, 13, 100.00, 'Completed', '2023-11-12 00:00:00'),
(10623, 17, 13, 13, 100.00, 'Completed', '2023-04-17 00:00:00'),
(10624, 17, 13, 13, 100.00, 'Completed', '2023-01-19 00:00:00'),
(10625, 17, 13, 13, 100.00, 'Completed', '2024-03-20 00:00:00'),
(10626, 17, 13, 13, 100.00, 'Completed', '2023-12-08 00:00:00'),
(10627, 17, 13, 13, 100.00, 'Completed', '2023-11-04 00:00:00'),
(10628, 17, 13, 13, 100.00, 'Completed', '2024-01-18 00:00:00'),
(10629, 17, 13, 13, 100.00, 'Completed', '2024-12-02 00:00:00'),
(10630, 17, 13, 13, 100.00, 'Completed', '2025-01-22 00:00:00'),
(10641, 18, 12, 14, 100.00, 'Completed', '2024-03-15 00:00:00'),
(10642, 18, 12, 14, 100.00, 'Completed', '2023-12-15 00:00:00'),
(10643, 18, 12, 14, 100.00, 'Completed', '2023-04-01 00:00:00'),
(10644, 18, 12, 14, 100.00, 'Completed', '2024-08-31 00:00:00'),
(10645, 18, 12, 14, 100.00, 'Completed', '2023-09-10 00:00:00'),
(10646, 18, 12, 14, 100.00, 'Completed', '2023-01-26 00:00:00'),
(10647, 18, 12, 14, 100.00, 'Completed', '2025-03-29 00:00:00'),
(10648, 18, 12, 14, 100.00, 'Completed', '2023-03-10 00:00:00'),
(10649, 18, 12, 14, 100.00, 'Completed', '2023-08-20 00:00:00'),
(10650, 18, 12, 14, 100.00, 'Completed', '2025-01-22 00:00:00'),
(10651, 18, 13, 14, 100.00, 'Completed', '2023-01-18 00:00:00'),
(10652, 18, 13, 14, 100.00, 'Completed', '2025-01-23 00:00:00'),
(10653, 18, 13, 14, 100.00, 'Completed', '2024-12-29 00:00:00'),
(10654, 18, 13, 14, 100.00, 'Completed', '2024-03-02 00:00:00'),
(10655, 18, 13, 14, 100.00, 'Completed', '2023-12-10 00:00:00'),
(10656, 18, 13, 14, 100.00, 'Completed', '2023-02-24 00:00:00'),
(10657, 18, 13, 14, 100.00, 'Completed', '2024-11-19 00:00:00'),
(10658, 18, 13, 14, 100.00, 'Completed', '2023-07-04 00:00:00'),
(10659, 18, 13, 14, 100.00, 'Completed', '2025-05-24 00:00:00'),
(10660, 18, 13, 14, 100.00, 'Completed', '2023-08-26 00:00:00'),
(10671, 19, 12, 15, 100.00, 'Completed', '2024-05-16 00:00:00'),
(10672, 19, 12, 15, 100.00, 'Completed', '2023-05-10 00:00:00'),
(10673, 19, 12, 15, 100.00, 'Completed', '2024-06-11 00:00:00'),
(10674, 19, 12, 15, 100.00, 'Completed', '2023-09-07 00:00:00'),
(10675, 19, 12, 15, 100.00, 'Completed', '2023-04-13 00:00:00'),
(10676, 19, 12, 15, 100.00, 'Completed', '2024-05-30 00:00:00'),
(10677, 19, 12, 15, 100.00, 'Completed', '2023-02-04 00:00:00'),
(10678, 19, 12, 15, 100.00, 'Completed', '2023-04-17 00:00:00'),
(10679, 19, 12, 15, 100.00, 'Completed', '2023-03-31 00:00:00'),
(10680, 19, 12, 15, 100.00, 'Completed', '2024-05-18 00:00:00'),
(10681, 19, 13, 15, 100.00, 'Completed', '2023-04-03 00:00:00'),
(10682, 19, 13, 15, 100.00, 'Completed', '2023-01-27 00:00:00'),
(10683, 19, 13, 15, 100.00, 'Completed', '2024-08-07 00:00:00'),
(10684, 19, 13, 15, 100.00, 'Completed', '2023-02-16 00:00:00'),
(10685, 19, 13, 15, 100.00, 'Completed', '2023-06-28 00:00:00'),
(10686, 19, 13, 15, 100.00, 'Completed', '2025-04-02 00:00:00'),
(10687, 19, 13, 15, 100.00, 'Completed', '2025-07-12 00:00:00'),
(10688, 19, 13, 15, 100.00, 'Completed', '2023-04-30 00:00:00'),
(10689, 19, 13, 15, 100.00, 'Completed', '2024-07-06 00:00:00'),
(10690, 19, 13, 15, 100.00, 'Completed', '2024-10-20 00:00:00'),
(10701, 20, 12, 16, 100.00, 'Completed', '2024-01-02 00:00:00'),
(10702, 20, 12, 16, 100.00, 'Completed', '2024-11-13 00:00:00'),
(10703, 20, 12, 16, 100.00, 'Completed', '2024-08-12 00:00:00'),
(10704, 20, 12, 16, 100.00, 'Completed', '2024-09-24 00:00:00'),
(10705, 20, 12, 16, 100.00, 'Completed', '2025-07-09 00:00:00'),
(10706, 20, 12, 16, 100.00, 'Completed', '2023-09-03 00:00:00'),
(10707, 20, 12, 16, 100.00, 'Completed', '2024-03-10 00:00:00'),
(10708, 20, 12, 16, 100.00, 'Completed', '2025-07-06 00:00:00'),
(10709, 20, 12, 16, 100.00, 'Completed', '2024-11-25 00:00:00'),
(10710, 20, 12, 16, 100.00, 'Completed', '2025-03-23 00:00:00'),
(10711, 20, 13, 16, 100.00, 'Completed', '2023-08-26 00:00:00'),
(10712, 20, 13, 16, 100.00, 'Completed', '2023-11-18 00:00:00'),
(10713, 20, 13, 16, 100.00, 'Completed', '2024-05-31 00:00:00'),
(10714, 20, 13, 16, 100.00, 'Completed', '2024-12-30 00:00:00'),
(10715, 20, 13, 16, 100.00, 'Completed', '2023-10-25 00:00:00'),
(10716, 20, 13, 16, 100.00, 'Completed', '2023-12-24 00:00:00'),
(10717, 20, 13, 16, 100.00, 'Completed', '2025-06-11 00:00:00'),
(10718, 20, 13, 16, 100.00, 'Completed', '2025-01-12 00:00:00'),
(10719, 20, 13, 16, 100.00, 'Completed', '2024-08-19 00:00:00'),
(10720, 20, 13, 16, 100.00, 'Completed', '2024-03-15 00:00:00'),
(10731, 21, 12, 17, 100.00, 'Completed', '2023-10-18 00:00:00'),
(10732, 21, 12, 17, 100.00, 'Completed', '2023-11-19 00:00:00'),
(10733, 21, 12, 17, 100.00, 'Completed', '2023-04-25 00:00:00'),
(10734, 21, 12, 17, 100.00, 'Completed', '2024-03-27 00:00:00'),
(10735, 21, 12, 17, 100.00, 'Completed', '2023-06-29 00:00:00'),
(10736, 21, 12, 17, 100.00, 'Completed', '2023-11-18 00:00:00'),
(10737, 21, 12, 17, 100.00, 'Completed', '2023-09-17 00:00:00'),
(10738, 21, 12, 17, 100.00, 'Completed', '2025-03-13 00:00:00'),
(10739, 21, 12, 17, 100.00, 'Completed', '2025-07-13 00:00:00'),
(10740, 21, 12, 17, 100.00, 'Completed', '2024-10-30 00:00:00'),
(10741, 21, 13, 17, 100.00, 'Completed', '2023-10-25 00:00:00'),
(10742, 21, 13, 17, 100.00, 'Completed', '2024-11-24 00:00:00'),
(10743, 21, 13, 17, 100.00, 'Completed', '2024-07-21 00:00:00'),
(10744, 21, 13, 17, 100.00, 'Completed', '2024-02-06 00:00:00'),
(10745, 21, 13, 17, 100.00, 'Completed', '2025-03-30 00:00:00'),
(10746, 21, 13, 17, 100.00, 'Completed', '2023-11-13 00:00:00'),
(10747, 21, 13, 17, 100.00, 'Completed', '2024-01-19 00:00:00'),
(10748, 21, 13, 17, 100.00, 'Completed', '2024-08-12 00:00:00'),
(10749, 21, 13, 17, 100.00, 'Completed', '2023-07-11 00:00:00'),
(10750, 21, 13, 17, 100.00, 'Completed', '2023-12-11 00:00:00'),
(10761, 22, 12, 18, 100.00, 'Completed', '2024-01-04 00:00:00'),
(10762, 22, 12, 18, 100.00, 'Completed', '2023-08-07 00:00:00'),
(10763, 22, 12, 18, 100.00, 'Completed', '2025-07-09 00:00:00'),
(10764, 22, 12, 18, 100.00, 'Completed', '2023-08-21 00:00:00'),
(10765, 22, 12, 18, 100.00, 'Completed', '2023-10-27 00:00:00'),
(10766, 22, 12, 18, 100.00, 'Completed', '2025-04-18 00:00:00'),
(10767, 22, 12, 18, 100.00, 'Completed', '2025-03-02 00:00:00'),
(10768, 22, 12, 18, 100.00, 'Completed', '2023-12-05 00:00:00'),
(10769, 22, 12, 18, 100.00, 'Completed', '2023-05-01 00:00:00'),
(10770, 22, 12, 18, 100.00, 'Completed', '2024-06-01 00:00:00'),
(10771, 22, 13, 18, 100.00, 'Completed', '2025-03-26 00:00:00'),
(10772, 22, 13, 18, 100.00, 'Completed', '2024-09-08 00:00:00'),
(10773, 22, 13, 18, 100.00, 'Completed', '2023-05-07 00:00:00'),
(10774, 22, 13, 18, 100.00, 'Completed', '2023-02-14 00:00:00'),
(10775, 22, 13, 18, 100.00, 'Completed', '2023-04-25 00:00:00'),
(10776, 22, 13, 18, 100.00, 'Completed', '2024-04-24 00:00:00'),
(10777, 22, 13, 18, 100.00, 'Completed', '2024-07-08 00:00:00'),
(10778, 22, 13, 18, 100.00, 'Completed', '2024-05-07 00:00:00'),
(10779, 22, 13, 18, 100.00, 'Completed', '2023-01-21 00:00:00'),
(10780, 22, 13, 18, 100.00, 'Completed', '2024-07-04 00:00:00'),
(10791, 23, 12, 19, 100.00, 'Completed', '2024-08-16 00:00:00'),
(10792, 23, 12, 19, 100.00, 'Completed', '2024-11-18 00:00:00'),
(10793, 23, 12, 19, 100.00, 'Completed', '2024-06-03 00:00:00'),
(10794, 23, 12, 19, 100.00, 'Completed', '2024-05-25 00:00:00'),
(10795, 23, 12, 19, 100.00, 'Completed', '2024-07-11 00:00:00'),
(10796, 23, 12, 19, 100.00, 'Completed', '2025-04-07 00:00:00'),
(10797, 23, 12, 19, 100.00, 'Completed', '2024-05-18 00:00:00'),
(10798, 23, 12, 19, 100.00, 'Completed', '2023-04-07 00:00:00'),
(10799, 23, 12, 19, 100.00, 'Completed', '2024-11-16 00:00:00'),
(10800, 23, 12, 19, 100.00, 'Completed', '2024-11-02 00:00:00'),
(10801, 23, 13, 19, 100.00, 'Completed', '2023-11-05 00:00:00'),
(10802, 23, 13, 19, 100.00, 'Completed', '2024-02-12 00:00:00'),
(10803, 23, 13, 19, 100.00, 'Completed', '2025-03-15 00:00:00'),
(10804, 23, 13, 19, 100.00, 'Completed', '2025-03-10 00:00:00'),
(10805, 23, 13, 19, 100.00, 'Completed', '2023-03-18 00:00:00'),
(10806, 23, 13, 19, 100.00, 'Completed', '2024-05-16 00:00:00'),
(10807, 23, 13, 19, 100.00, 'Completed', '2024-07-14 00:00:00'),
(10808, 23, 13, 19, 100.00, 'Completed', '2023-12-19 00:00:00'),
(10809, 23, 13, 19, 100.00, 'Completed', '2025-05-31 00:00:00'),
(10810, 23, 13, 19, 100.00, 'Completed', '2023-02-23 00:00:00'),
(10821, 24, 12, 20, 100.00, 'Completed', '2024-05-03 00:00:00'),
(10822, 24, 12, 20, 100.00, 'Completed', '2023-10-15 00:00:00'),
(10823, 24, 12, 20, 100.00, 'Completed', '2024-02-12 00:00:00'),
(10824, 24, 12, 20, 100.00, 'Completed', '2024-04-04 00:00:00'),
(10825, 24, 12, 20, 100.00, 'Completed', '2024-02-13 00:00:00'),
(10826, 24, 12, 20, 100.00, 'Completed', '2024-07-20 00:00:00'),
(10827, 24, 12, 20, 100.00, 'Completed', '2024-06-20 00:00:00'),
(10828, 24, 12, 20, 100.00, 'Completed', '2024-03-12 00:00:00'),
(10829, 24, 12, 20, 100.00, 'Completed', '2024-12-26 00:00:00'),
(10830, 24, 12, 20, 100.00, 'Completed', '2023-09-23 00:00:00'),
(10831, 24, 13, 20, 100.00, 'Completed', '2023-06-25 00:00:00'),
(10832, 24, 13, 20, 100.00, 'Completed', '2024-01-20 00:00:00'),
(10833, 24, 13, 20, 100.00, 'Completed', '2024-12-26 00:00:00'),
(10834, 24, 13, 20, 100.00, 'Completed', '2024-12-16 00:00:00'),
(10835, 24, 13, 20, 100.00, 'Completed', '2023-05-14 00:00:00'),
(10836, 24, 13, 20, 100.00, 'Completed', '2025-01-21 00:00:00'),
(10837, 24, 13, 20, 100.00, 'Completed', '2023-09-15 00:00:00'),
(10838, 24, 13, 20, 100.00, 'Completed', '2023-11-27 00:00:00'),
(10839, 24, 13, 20, 100.00, 'Completed', '2024-12-20 00:00:00'),
(10840, 24, 13, 20, 100.00, 'Completed', '2025-03-20 00:00:00'),
(10851, 25, 12, 21, 100.00, 'Completed', '2024-11-27 00:00:00'),
(10852, 25, 12, 21, 100.00, 'Completed', '2025-01-28 00:00:00'),
(10853, 25, 12, 21, 100.00, 'Completed', '2024-08-17 00:00:00'),
(10854, 25, 12, 21, 100.00, 'Completed', '2025-04-16 00:00:00'),
(10855, 25, 12, 21, 100.00, 'Completed', '2023-07-23 00:00:00'),
(10856, 25, 12, 21, 100.00, 'Completed', '2023-09-04 00:00:00'),
(10857, 25, 12, 21, 100.00, 'Completed', '2023-05-31 00:00:00'),
(10858, 25, 12, 21, 100.00, 'Completed', '2024-11-18 00:00:00'),
(10859, 25, 12, 21, 100.00, 'Completed', '2023-09-14 00:00:00'),
(10860, 25, 12, 21, 100.00, 'Completed', '2023-03-08 00:00:00'),
(10861, 25, 13, 21, 100.00, 'Completed', '2023-10-24 00:00:00'),
(10862, 25, 13, 21, 100.00, 'Completed', '2025-07-16 00:00:00'),
(10863, 25, 13, 21, 100.00, 'Completed', '2024-07-25 00:00:00'),
(10864, 25, 13, 21, 100.00, 'Completed', '2023-01-26 00:00:00'),
(10865, 25, 13, 21, 100.00, 'Completed', '2024-10-23 00:00:00'),
(10866, 25, 13, 21, 100.00, 'Completed', '2024-10-05 00:00:00'),
(10867, 25, 13, 21, 100.00, 'Completed', '2025-03-26 00:00:00'),
(10868, 25, 13, 21, 100.00, 'Completed', '2023-02-23 00:00:00'),
(10869, 25, 13, 21, 100.00, 'Completed', '2023-04-03 00:00:00'),
(10870, 25, 13, 21, 100.00, 'Completed', '2023-11-12 00:00:00'),
(10881, 26, 12, 22, 100.00, 'Completed', '2023-11-09 00:00:00'),
(10882, 26, 12, 22, 100.00, 'Completed', '2024-11-17 00:00:00'),
(10883, 26, 12, 22, 100.00, 'Completed', '2024-05-17 00:00:00'),
(10884, 26, 12, 22, 100.00, 'Completed', '2023-04-14 00:00:00'),
(10885, 26, 12, 22, 100.00, 'Completed', '2023-11-24 00:00:00'),
(10886, 26, 12, 22, 100.00, 'Completed', '2025-06-14 00:00:00'),
(10887, 26, 12, 22, 100.00, 'Completed', '2025-06-20 00:00:00'),
(10888, 26, 12, 22, 100.00, 'Completed', '2023-04-15 00:00:00'),
(10889, 26, 12, 22, 100.00, 'Completed', '2025-07-01 00:00:00'),
(10890, 26, 12, 22, 100.00, 'Completed', '2025-02-25 00:00:00'),
(10891, 26, 13, 22, 100.00, 'Completed', '2023-09-02 00:00:00'),
(10892, 26, 13, 22, 100.00, 'Completed', '2024-12-04 00:00:00'),
(10893, 26, 13, 22, 100.00, 'Completed', '2023-01-07 00:00:00'),
(10894, 26, 13, 22, 100.00, 'Completed', '2023-09-13 00:00:00'),
(10895, 26, 13, 22, 100.00, 'Completed', '2024-08-28 00:00:00'),
(10896, 26, 13, 22, 100.00, 'Completed', '2023-08-14 00:00:00'),
(10897, 26, 13, 22, 100.00, 'Completed', '2025-01-17 00:00:00'),
(10898, 26, 13, 22, 100.00, 'Completed', '2023-08-29 00:00:00'),
(10899, 26, 13, 22, 100.00, 'Completed', '2023-01-19 00:00:00'),
(10900, 26, 13, 22, 100.00, 'Completed', '2024-09-05 00:00:00'),
(10911, 27, 12, 23, 100.00, 'Completed', '2025-01-27 00:00:00'),
(10912, 27, 12, 23, 100.00, 'Completed', '2025-07-16 00:00:00'),
(10913, 27, 12, 23, 100.00, 'Completed', '2023-09-22 00:00:00'),
(10914, 27, 12, 23, 100.00, 'Completed', '2025-03-17 00:00:00'),
(10915, 27, 12, 23, 100.00, 'Completed', '2023-07-02 00:00:00'),
(10916, 27, 12, 23, 100.00, 'Completed', '2023-10-16 00:00:00'),
(10917, 27, 12, 23, 100.00, 'Completed', '2023-11-18 00:00:00'),
(10918, 27, 12, 23, 100.00, 'Completed', '2023-04-01 00:00:00'),
(10919, 27, 12, 23, 100.00, 'Completed', '2024-02-10 00:00:00'),
(10920, 27, 12, 23, 100.00, 'Completed', '2023-01-27 00:00:00'),
(10921, 27, 13, 23, 100.00, 'Completed', '2024-12-30 00:00:00'),
(10922, 27, 13, 23, 100.00, 'Completed', '2024-05-31 00:00:00'),
(10923, 27, 13, 23, 100.00, 'Completed', '2023-02-16 00:00:00'),
(10924, 27, 13, 23, 100.00, 'Completed', '2023-03-31 00:00:00'),
(10925, 27, 13, 23, 100.00, 'Completed', '2023-09-23 00:00:00'),
(10926, 27, 13, 23, 100.00, 'Completed', '2023-02-10 00:00:00'),
(10927, 27, 13, 23, 100.00, 'Completed', '2025-02-16 00:00:00'),
(10928, 27, 13, 23, 100.00, 'Completed', '2023-05-03 00:00:00'),
(10929, 27, 13, 23, 100.00, 'Completed', '2023-03-06 00:00:00'),
(10930, 27, 13, 23, 100.00, 'Completed', '2023-01-02 00:00:00'),
(10941, 28, 12, 24, 100.00, 'Completed', '2024-07-13 00:00:00'),
(10942, 28, 12, 24, 100.00, 'Completed', '2025-06-22 00:00:00'),
(10943, 28, 12, 24, 100.00, 'Completed', '2025-07-12 00:00:00'),
(10944, 28, 12, 24, 100.00, 'Completed', '2024-10-20 00:00:00'),
(10945, 28, 12, 24, 100.00, 'Completed', '2024-07-01 00:00:00'),
(10946, 28, 12, 24, 100.00, 'Completed', '2024-12-16 00:00:00'),
(10947, 28, 12, 24, 100.00, 'Completed', '2023-09-23 00:00:00'),
(10948, 28, 12, 24, 100.00, 'Completed', '2023-02-10 00:00:00'),
(10949, 28, 12, 24, 100.00, 'Completed', '2025-02-03 00:00:00'),
(10950, 28, 12, 24, 100.00, 'Completed', '2023-03-12 00:00:00'),
(10951, 28, 13, 24, 100.00, 'Completed', '2023-07-29 00:00:00'),
(10952, 28, 13, 24, 100.00, 'Completed', '2025-02-25 00:00:00'),
(10953, 28, 13, 24, 100.00, 'Completed', '2023-01-20 00:00:00'),
(10954, 28, 13, 24, 100.00, 'Completed', '2023-02-17 00:00:00'),
(10955, 28, 13, 24, 100.00, 'Completed', '2024-03-24 00:00:00'),
(10956, 28, 13, 24, 100.00, 'Completed', '2025-04-21 00:00:00'),
(10957, 28, 13, 24, 100.00, 'Completed', '2025-02-18 00:00:00'),
(10958, 28, 13, 24, 100.00, 'Completed', '2023-10-03 00:00:00'),
(10959, 28, 13, 24, 100.00, 'Completed', '2023-02-25 00:00:00'),
(10960, 28, 13, 24, 100.00, 'Completed', '2025-02-13 00:00:00'),
(10971, 29, 12, 25, 100.00, 'Completed', '2023-01-23 00:00:00'),
(10972, 29, 12, 25, 100.00, 'Completed', '2025-03-04 00:00:00'),
(10973, 29, 12, 25, 100.00, 'Completed', '2023-01-31 00:00:00'),
(10974, 29, 12, 25, 100.00, 'Completed', '2024-12-22 00:00:00'),
(10975, 29, 12, 25, 100.00, 'Completed', '2024-08-07 00:00:00'),
(10976, 29, 12, 25, 100.00, 'Completed', '2023-04-25 00:00:00'),
(10977, 29, 12, 25, 100.00, 'Completed', '2025-06-01 00:00:00'),
(10978, 29, 12, 25, 100.00, 'Completed', '2025-06-04 00:00:00'),
(10979, 29, 12, 25, 100.00, 'Completed', '2023-05-01 00:00:00'),
(10980, 29, 12, 25, 100.00, 'Completed', '2025-01-04 00:00:00'),
(10981, 29, 13, 25, 100.00, 'Completed', '2024-01-28 00:00:00'),
(10982, 29, 13, 25, 100.00, 'Completed', '2023-06-08 00:00:00'),
(10983, 29, 13, 25, 100.00, 'Completed', '2023-08-13 00:00:00'),
(10984, 29, 13, 25, 100.00, 'Completed', '2024-06-02 00:00:00'),
(10985, 29, 13, 25, 100.00, 'Completed', '2024-12-03 00:00:00'),
(10986, 29, 13, 25, 100.00, 'Completed', '2025-07-17 00:00:00'),
(10987, 29, 13, 25, 100.00, 'Completed', '2025-06-16 00:00:00'),
(10988, 29, 13, 25, 100.00, 'Completed', '2025-02-18 00:00:00'),
(10989, 29, 13, 25, 100.00, 'Completed', '2024-09-19 00:00:00'),
(10990, 29, 13, 25, 100.00, 'Completed', '2023-02-08 00:00:00'),
(11001, 30, 12, 26, 100.00, 'Completed', '2023-05-29 00:00:00'),
(11002, 30, 12, 26, 100.00, 'Completed', '2024-06-17 00:00:00'),
(11003, 30, 12, 26, 100.00, 'Completed', '2023-06-12 00:00:00'),
(11004, 30, 12, 26, 100.00, 'Completed', '2024-05-26 00:00:00'),
(11005, 30, 12, 26, 100.00, 'Completed', '2025-05-06 00:00:00'),
(11006, 30, 12, 26, 100.00, 'Completed', '2023-12-09 00:00:00'),
(11007, 30, 12, 26, 100.00, 'Completed', '2024-06-05 00:00:00'),
(11008, 30, 12, 26, 100.00, 'Completed', '2024-07-08 00:00:00'),
(11009, 30, 12, 26, 100.00, 'Completed', '2023-10-02 00:00:00'),
(11010, 30, 12, 26, 100.00, 'Completed', '2024-02-10 00:00:00'),
(11011, 30, 13, 26, 100.00, 'Completed', '2023-07-31 00:00:00'),
(11012, 30, 13, 26, 100.00, 'Completed', '2025-04-19 00:00:00'),
(11013, 30, 13, 26, 100.00, 'Completed', '2024-06-01 00:00:00'),
(11014, 30, 13, 26, 100.00, 'Completed', '2023-01-04 00:00:00'),
(11015, 30, 13, 26, 100.00, 'Completed', '2024-01-22 00:00:00'),
(11016, 30, 13, 26, 100.00, 'Completed', '2025-03-22 00:00:00'),
(11017, 30, 13, 26, 100.00, 'Completed', '2023-03-24 00:00:00'),
(11018, 30, 13, 26, 100.00, 'Completed', '2024-08-26 00:00:00'),
(11019, 30, 13, 26, 100.00, 'Completed', '2023-05-01 00:00:00'),
(11020, 30, 13, 26, 100.00, 'Completed', '2025-03-27 00:00:00'),
(11031, 31, 12, 27, 100.00, 'Completed', '2024-09-24 00:00:00'),
(11032, 31, 12, 27, 100.00, 'Completed', '2023-10-11 00:00:00'),
(11033, 31, 12, 27, 100.00, 'Completed', '2025-06-17 00:00:00'),
(11034, 31, 12, 27, 100.00, 'Completed', '2024-02-13 00:00:00'),
(11035, 31, 12, 27, 100.00, 'Completed', '2025-07-25 00:00:00'),
(11036, 31, 12, 27, 100.00, 'Completed', '2023-05-16 00:00:00'),
(11037, 31, 12, 27, 100.00, 'Completed', '2024-06-28 00:00:00'),
(11038, 31, 12, 27, 100.00, 'Completed', '2024-04-17 00:00:00'),
(11039, 31, 12, 27, 100.00, 'Completed', '2024-07-25 00:00:00'),
(11040, 31, 12, 27, 100.00, 'Completed', '2023-04-25 00:00:00'),
(11041, 31, 13, 27, 100.00, 'Completed', '2023-07-08 00:00:00'),
(11042, 31, 13, 27, 100.00, 'Completed', '2024-06-16 00:00:00'),
(11043, 31, 13, 27, 100.00, 'Completed', '2025-07-18 00:00:00'),
(11044, 31, 13, 27, 100.00, 'Completed', '2025-05-25 00:00:00'),
(11045, 31, 13, 27, 100.00, 'Completed', '2025-05-08 00:00:00'),
(11046, 31, 13, 27, 100.00, 'Completed', '2025-07-16 00:00:00'),
(11047, 31, 13, 27, 100.00, 'Completed', '2023-12-16 00:00:00'),
(11048, 31, 13, 27, 100.00, 'Completed', '2023-05-15 00:00:00'),
(11049, 31, 13, 27, 100.00, 'Completed', '2024-01-30 00:00:00'),
(11050, 31, 13, 27, 100.00, 'Completed', '2025-01-01 00:00:00'),
(11061, 32, 12, 28, 100.00, 'Completed', '2023-11-03 00:00:00'),
(11062, 32, 12, 28, 100.00, 'Completed', '2025-02-26 00:00:00'),
(11063, 32, 12, 28, 100.00, 'Completed', '2023-12-19 00:00:00'),
(11064, 32, 12, 28, 100.00, 'Completed', '2023-12-23 00:00:00'),
(11065, 32, 12, 28, 100.00, 'Completed', '2023-08-22 00:00:00'),
(11066, 32, 12, 28, 100.00, 'Completed', '2024-09-15 00:00:00'),
(11067, 32, 12, 28, 100.00, 'Completed', '2024-03-15 00:00:00'),
(11068, 32, 12, 28, 100.00, 'Completed', '2024-04-23 00:00:00'),
(11069, 32, 12, 28, 100.00, 'Completed', '2023-06-11 00:00:00'),
(11070, 32, 12, 28, 100.00, 'Completed', '2025-06-17 00:00:00'),
(11071, 32, 13, 28, 100.00, 'Completed', '2023-02-01 00:00:00'),
(11072, 32, 13, 28, 100.00, 'Completed', '2024-08-18 00:00:00'),
(11073, 32, 13, 28, 100.00, 'Completed', '2025-05-03 00:00:00'),
(11074, 32, 13, 28, 100.00, 'Completed', '2024-08-17 00:00:00'),
(11075, 32, 13, 28, 100.00, 'Completed', '2023-05-25 00:00:00'),
(11076, 32, 13, 28, 100.00, 'Completed', '2023-08-21 00:00:00'),
(11077, 32, 13, 28, 100.00, 'Completed', '2024-07-31 00:00:00'),
(11078, 32, 13, 28, 100.00, 'Completed', '2024-05-19 00:00:00'),
(11079, 32, 13, 28, 100.00, 'Completed', '2023-12-30 00:00:00'),
(11080, 32, 13, 28, 100.00, 'Completed', '2024-04-30 00:00:00'),
(11091, 33, 12, 29, 100.00, 'Completed', '2023-01-11 00:00:00'),
(11092, 33, 12, 29, 100.00, 'Completed', '2023-02-13 00:00:00'),
(11093, 33, 12, 29, 100.00, 'Completed', '2024-02-05 00:00:00'),
(11094, 33, 12, 29, 100.00, 'Completed', '2025-04-30 00:00:00'),
(11095, 33, 12, 29, 100.00, 'Completed', '2023-01-02 00:00:00'),
(11096, 33, 12, 29, 100.00, 'Completed', '2024-07-23 00:00:00'),
(11097, 33, 12, 29, 100.00, 'Completed', '2024-06-25 00:00:00'),
(11098, 33, 12, 29, 100.00, 'Completed', '2025-02-06 00:00:00'),
(11099, 33, 12, 29, 100.00, 'Completed', '2025-03-27 00:00:00'),
(11100, 33, 12, 29, 100.00, 'Completed', '2024-06-08 00:00:00'),
(11101, 33, 13, 29, 100.00, 'Completed', '2025-05-12 00:00:00'),
(11102, 33, 13, 29, 100.00, 'Completed', '2024-06-01 00:00:00'),
(11103, 33, 13, 29, 100.00, 'Completed', '2023-09-27 00:00:00'),
(11104, 33, 13, 29, 100.00, 'Completed', '2023-03-10 00:00:00'),
(11105, 33, 13, 29, 100.00, 'Completed', '2023-03-11 00:00:00'),
(11106, 33, 13, 29, 100.00, 'Completed', '2025-06-01 00:00:00'),
(11107, 33, 13, 29, 100.00, 'Completed', '2023-08-22 00:00:00'),
(11108, 33, 13, 29, 100.00, 'Completed', '2024-06-01 00:00:00'),
(11109, 33, 13, 29, 100.00, 'Completed', '2024-02-15 00:00:00'),
(11110, 33, 13, 29, 100.00, 'Completed', '2023-03-08 00:00:00'),
(11121, 34, 12, 30, 100.00, 'Completed', '2023-06-23 00:00:00'),
(11122, 34, 12, 30, 100.00, 'Completed', '2024-09-21 00:00:00'),
(11123, 34, 12, 30, 100.00, 'Completed', '2024-11-29 00:00:00'),
(11124, 34, 12, 30, 100.00, 'Completed', '2024-01-18 00:00:00'),
(11125, 34, 12, 30, 100.00, 'Completed', '2024-04-25 00:00:00'),
(11126, 34, 12, 30, 100.00, 'Completed', '2025-06-15 00:00:00'),
(11127, 34, 12, 30, 100.00, 'Completed', '2024-08-30 00:00:00'),
(11128, 34, 12, 30, 100.00, 'Completed', '2025-06-26 00:00:00'),
(11129, 34, 12, 30, 100.00, 'Completed', '2025-06-18 00:00:00'),
(11130, 34, 12, 30, 100.00, 'Completed', '2024-06-30 00:00:00'),
(11131, 34, 13, 30, 100.00, 'Completed', '2025-04-08 00:00:00'),
(11132, 34, 13, 30, 100.00, 'Completed', '2024-12-18 00:00:00'),
(11133, 34, 13, 30, 100.00, 'Completed', '2023-10-08 00:00:00'),
(11134, 34, 13, 30, 100.00, 'Completed', '2023-08-28 00:00:00'),
(11135, 34, 13, 30, 100.00, 'Completed', '2024-01-04 00:00:00'),
(11136, 34, 13, 30, 100.00, 'Completed', '2024-04-13 00:00:00'),
(11137, 34, 13, 30, 100.00, 'Completed', '2023-11-24 00:00:00'),
(11138, 34, 13, 30, 100.00, 'Completed', '2024-02-09 00:00:00'),
(11139, 34, 13, 30, 100.00, 'Completed', '2023-02-11 00:00:00'),
(11140, 34, 13, 30, 100.00, 'Completed', '2025-04-07 00:00:00'),
(11151, 35, 12, 31, 100.00, 'Completed', '2024-09-29 00:00:00'),
(11152, 35, 12, 31, 100.00, 'Completed', '2024-09-07 00:00:00'),
(11153, 35, 12, 31, 100.00, 'Completed', '2023-05-10 00:00:00'),
(11154, 35, 12, 31, 100.00, 'Completed', '2023-11-25 00:00:00'),
(11155, 35, 12, 31, 100.00, 'Completed', '2023-09-18 00:00:00'),
(11156, 35, 12, 31, 100.00, 'Completed', '2024-11-24 00:00:00'),
(11157, 35, 12, 31, 100.00, 'Completed', '2024-10-02 00:00:00'),
(11158, 35, 12, 31, 100.00, 'Completed', '2024-08-25 00:00:00'),
(11159, 35, 12, 31, 100.00, 'Completed', '2025-05-11 00:00:00'),
(11160, 35, 12, 31, 100.00, 'Completed', '2023-04-15 00:00:00'),
(11161, 35, 13, 31, 100.00, 'Completed', '2024-01-13 00:00:00'),
(11162, 35, 13, 31, 100.00, 'Completed', '2023-12-07 00:00:00'),
(11163, 35, 13, 31, 100.00, 'Completed', '2023-05-27 00:00:00'),
(11164, 35, 13, 31, 100.00, 'Completed', '2024-09-11 00:00:00'),
(11165, 35, 13, 31, 100.00, 'Completed', '2024-08-15 00:00:00'),
(11166, 35, 13, 31, 100.00, 'Completed', '2024-11-03 00:00:00'),
(11167, 35, 13, 31, 100.00, 'Completed', '2023-10-21 00:00:00'),
(11168, 35, 13, 31, 100.00, 'Completed', '2024-09-12 00:00:00'),
(11169, 35, 13, 31, 100.00, 'Completed', '2024-02-26 00:00:00'),
(11170, 35, 13, 31, 100.00, 'Completed', '2023-03-19 00:00:00'),
(11181, 36, 12, 32, 100.00, 'Completed', '2023-05-14 00:00:00'),
(11182, 36, 12, 32, 100.00, 'Completed', '2023-11-26 00:00:00'),
(11183, 36, 12, 32, 100.00, 'Completed', '2023-08-24 00:00:00'),
(11184, 36, 12, 32, 100.00, 'Completed', '2024-06-20 00:00:00'),
(11185, 36, 12, 32, 100.00, 'Completed', '2025-07-06 00:00:00'),
(11186, 36, 12, 32, 100.00, 'Completed', '2025-03-11 00:00:00'),
(11187, 36, 12, 32, 100.00, 'Completed', '2025-02-18 00:00:00'),
(11188, 36, 12, 32, 100.00, 'Completed', '2024-03-14 00:00:00'),
(11189, 36, 12, 32, 100.00, 'Completed', '2025-05-07 00:00:00'),
(11190, 36, 12, 32, 100.00, 'Completed', '2024-05-13 00:00:00'),
(11191, 36, 13, 32, 100.00, 'Completed', '2024-03-22 00:00:00'),
(11192, 36, 13, 32, 100.00, 'Completed', '2025-04-12 00:00:00'),
(11193, 36, 13, 32, 100.00, 'Completed', '2023-04-10 00:00:00'),
(11194, 36, 13, 32, 100.00, 'Completed', '2024-05-07 00:00:00'),
(11195, 36, 13, 32, 100.00, 'Completed', '2023-05-31 00:00:00'),
(11196, 36, 13, 32, 100.00, 'Completed', '2024-09-15 00:00:00'),
(11197, 36, 13, 32, 100.00, 'Completed', '2025-03-18 00:00:00'),
(11198, 36, 13, 32, 100.00, 'Completed', '2025-04-29 00:00:00'),
(11199, 36, 13, 32, 100.00, 'Completed', '2023-06-30 00:00:00'),
(11200, 36, 13, 32, 100.00, 'Completed', '2025-07-17 00:00:00'),
(11211, 37, 12, 33, 100.00, 'Completed', '2025-01-28 00:00:00'),
(11212, 37, 12, 33, 100.00, 'Completed', '2023-12-23 00:00:00'),
(11213, 37, 12, 33, 100.00, 'Completed', '2024-06-04 00:00:00'),
(11214, 37, 12, 33, 100.00, 'Completed', '2023-04-30 00:00:00'),
(11215, 37, 12, 33, 100.00, 'Completed', '2023-08-25 00:00:00'),
(11216, 37, 12, 33, 100.00, 'Completed', '2024-10-25 00:00:00'),
(11217, 37, 12, 33, 100.00, 'Completed', '2024-12-11 00:00:00'),
(11218, 37, 12, 33, 100.00, 'Completed', '2024-03-17 00:00:00'),
(11219, 37, 12, 33, 100.00, 'Completed', '2023-07-09 00:00:00'),
(11220, 37, 12, 33, 100.00, 'Completed', '2024-02-10 00:00:00'),
(11221, 37, 13, 33, 100.00, 'Completed', '2025-07-06 00:00:00'),
(11222, 37, 13, 33, 100.00, 'Completed', '2024-04-24 00:00:00'),
(11223, 37, 13, 33, 100.00, 'Completed', '2024-05-03 00:00:00'),
(11224, 37, 13, 33, 100.00, 'Completed', '2025-02-13 00:00:00'),
(11225, 37, 13, 33, 100.00, 'Completed', '2023-01-21 00:00:00'),
(11226, 37, 13, 33, 100.00, 'Completed', '2024-03-17 00:00:00'),
(11227, 37, 13, 33, 100.00, 'Completed', '2023-03-19 00:00:00'),
(11228, 37, 13, 33, 100.00, 'Completed', '2025-05-13 00:00:00'),
(11229, 37, 13, 33, 100.00, 'Completed', '2024-02-08 00:00:00'),
(11230, 37, 13, 33, 100.00, 'Completed', '2024-05-09 00:00:00'),
(11241, 38, 12, 34, 100.00, 'Completed', '2023-04-13 00:00:00'),
(11242, 38, 12, 34, 100.00, 'Completed', '2023-03-16 00:00:00'),
(11243, 38, 12, 34, 100.00, 'Completed', '2023-12-21 00:00:00'),
(11244, 38, 12, 34, 100.00, 'Completed', '2023-04-19 00:00:00'),
(11245, 38, 12, 34, 100.00, 'Completed', '2023-01-06 00:00:00'),
(11246, 38, 12, 34, 100.00, 'Completed', '2023-12-07 00:00:00'),
(11247, 38, 12, 34, 100.00, 'Completed', '2025-03-23 00:00:00'),
(11248, 38, 12, 34, 100.00, 'Completed', '2024-05-23 00:00:00'),
(11249, 38, 12, 34, 100.00, 'Completed', '2025-07-01 00:00:00'),
(11250, 38, 12, 34, 100.00, 'Completed', '2023-05-27 00:00:00'),
(11251, 38, 13, 34, 100.00, 'Completed', '2024-05-14 00:00:00'),
(11252, 38, 13, 34, 100.00, 'Completed', '2024-01-01 00:00:00'),
(11253, 38, 13, 34, 100.00, 'Completed', '2024-12-16 00:00:00'),
(11254, 38, 13, 34, 100.00, 'Completed', '2024-05-15 00:00:00'),
(11255, 38, 13, 34, 100.00, 'Completed', '2023-03-03 00:00:00'),
(11256, 38, 13, 34, 100.00, 'Completed', '2025-04-03 00:00:00'),
(11257, 38, 13, 34, 100.00, 'Completed', '2024-02-11 00:00:00'),
(11258, 38, 13, 34, 100.00, 'Completed', '2023-01-05 00:00:00'),
(11259, 38, 13, 34, 100.00, 'Completed', '2024-09-20 00:00:00'),
(11260, 38, 13, 34, 100.00, 'Completed', '2024-03-25 00:00:00'),
(11271, 39, 12, 35, 100.00, 'Completed', '2023-07-14 00:00:00'),
(11272, 39, 12, 35, 100.00, 'Completed', '2024-01-27 00:00:00'),
(11273, 39, 12, 35, 100.00, 'Completed', '2025-01-19 00:00:00'),
(11274, 39, 12, 35, 100.00, 'Completed', '2024-09-24 00:00:00'),
(11275, 39, 12, 35, 100.00, 'Completed', '2023-11-30 00:00:00'),
(11276, 39, 12, 35, 100.00, 'Completed', '2023-07-15 00:00:00'),
(11277, 39, 12, 35, 100.00, 'Completed', '2023-03-19 00:00:00'),
(11278, 39, 12, 35, 100.00, 'Completed', '2023-01-19 00:00:00'),
(11279, 39, 12, 35, 100.00, 'Completed', '2023-12-12 00:00:00'),
(11280, 39, 12, 35, 100.00, 'Completed', '2025-06-17 00:00:00'),
(11281, 39, 13, 35, 100.00, 'Completed', '2023-08-24 00:00:00'),
(11282, 39, 13, 35, 100.00, 'Completed', '2023-06-23 00:00:00'),
(11283, 39, 13, 35, 100.00, 'Completed', '2025-07-12 00:00:00'),
(11284, 39, 13, 35, 100.00, 'Completed', '2025-01-14 00:00:00'),
(11285, 39, 13, 35, 100.00, 'Completed', '2025-05-25 00:00:00'),
(11286, 39, 13, 35, 100.00, 'Completed', '2023-08-11 00:00:00'),
(11287, 39, 13, 35, 100.00, 'Completed', '2024-11-24 00:00:00'),
(11288, 39, 13, 35, 100.00, 'Completed', '2024-12-11 00:00:00'),
(11289, 39, 13, 35, 100.00, 'Completed', '2024-09-09 00:00:00'),
(11290, 39, 13, 35, 100.00, 'Completed', '2023-08-02 00:00:00'),
(11301, 40, 12, 36, 100.00, 'Completed', '2024-08-24 00:00:00'),
(11302, 40, 12, 36, 100.00, 'Completed', '2024-02-10 00:00:00'),
(11303, 40, 12, 36, 100.00, 'Completed', '2023-09-15 00:00:00'),
(11304, 40, 12, 36, 100.00, 'Completed', '2023-09-22 00:00:00'),
(11305, 40, 12, 36, 100.00, 'Completed', '2023-05-16 00:00:00'),
(11306, 40, 12, 36, 100.00, 'Completed', '2025-06-16 00:00:00'),
(11307, 40, 12, 36, 100.00, 'Completed', '2024-09-18 00:00:00'),
(11308, 40, 12, 36, 100.00, 'Completed', '2024-06-09 00:00:00'),
(11309, 40, 12, 36, 100.00, 'Completed', '2025-01-28 00:00:00'),
(11310, 40, 12, 36, 100.00, 'Completed', '2024-06-11 00:00:00'),
(11311, 40, 13, 36, 100.00, 'Completed', '2024-01-21 00:00:00'),
(11312, 40, 13, 36, 100.00, 'Completed', '2024-12-15 00:00:00'),
(11313, 40, 13, 36, 100.00, 'Completed', '2025-02-23 00:00:00'),
(11314, 40, 13, 36, 100.00, 'Completed', '2023-11-11 00:00:00'),
(11315, 40, 13, 36, 100.00, 'Completed', '2023-08-07 00:00:00'),
(11316, 40, 13, 36, 100.00, 'Completed', '2024-07-09 00:00:00'),
(11317, 40, 13, 36, 100.00, 'Completed', '2023-03-09 00:00:00'),
(11318, 40, 13, 36, 100.00, 'Completed', '2024-11-22 00:00:00'),
(11319, 40, 13, 36, 100.00, 'Completed', '2023-01-30 00:00:00'),
(11320, 40, 13, 36, 100.00, 'Completed', '2024-08-02 00:00:00'),
(11331, 41, 12, 37, 100.00, 'Completed', '2023-05-27 00:00:00'),
(11332, 41, 12, 37, 100.00, 'Completed', '2023-11-24 00:00:00'),
(11333, 41, 12, 37, 100.00, 'Completed', '2024-10-25 00:00:00'),
(11334, 41, 12, 37, 100.00, 'Completed', '2023-07-06 00:00:00'),
(11335, 41, 12, 37, 100.00, 'Completed', '2025-02-09 00:00:00'),
(11336, 41, 12, 37, 100.00, 'Completed', '2023-12-14 00:00:00'),
(11337, 41, 12, 37, 100.00, 'Completed', '2024-03-08 00:00:00'),
(11338, 41, 12, 37, 100.00, 'Completed', '2025-05-07 00:00:00'),
(11339, 41, 12, 37, 100.00, 'Completed', '2024-09-15 00:00:00'),
(11340, 41, 12, 37, 100.00, 'Completed', '2024-05-18 00:00:00'),
(11341, 41, 13, 37, 100.00, 'Completed', '2024-06-25 00:00:00'),
(11342, 41, 13, 37, 100.00, 'Completed', '2024-04-11 00:00:00'),
(11343, 41, 13, 37, 100.00, 'Completed', '2023-07-25 00:00:00'),
(11344, 41, 13, 37, 100.00, 'Completed', '2023-03-19 00:00:00'),
(11345, 41, 13, 37, 100.00, 'Completed', '2024-09-18 00:00:00'),
(11346, 41, 13, 37, 100.00, 'Completed', '2023-08-03 00:00:00'),
(11347, 41, 13, 37, 100.00, 'Completed', '2023-07-26 00:00:00'),
(11348, 41, 13, 37, 100.00, 'Completed', '2024-02-04 00:00:00'),
(11349, 41, 13, 37, 100.00, 'Completed', '2023-05-30 00:00:00'),
(11350, 41, 13, 37, 100.00, 'Completed', '2023-09-14 00:00:00'),
(11361, 42, 12, 38, 100.00, 'Completed', '2025-06-18 00:00:00'),
(11362, 42, 12, 38, 100.00, 'Completed', '2023-08-19 00:00:00'),
(11363, 42, 12, 38, 100.00, 'Completed', '2024-12-01 00:00:00'),
(11364, 42, 12, 38, 100.00, 'Completed', '2023-05-07 00:00:00'),
(11365, 42, 12, 38, 100.00, 'Completed', '2024-07-02 00:00:00'),
(11366, 42, 12, 38, 100.00, 'Completed', '2023-06-07 00:00:00'),
(11367, 42, 12, 38, 100.00, 'Completed', '2024-09-08 00:00:00'),
(11368, 42, 12, 38, 100.00, 'Completed', '2023-01-11 00:00:00'),
(11369, 42, 12, 38, 100.00, 'Completed', '2023-05-27 00:00:00'),
(11370, 42, 12, 38, 100.00, 'Completed', '2023-07-02 00:00:00'),
(11371, 42, 13, 38, 100.00, 'Completed', '2024-05-10 00:00:00'),
(11372, 42, 13, 38, 100.00, 'Completed', '2025-05-21 00:00:00'),
(11373, 42, 13, 38, 100.00, 'Completed', '2023-01-15 00:00:00'),
(11374, 42, 13, 38, 100.00, 'Completed', '2023-06-03 00:00:00'),
(11375, 42, 13, 38, 100.00, 'Completed', '2024-09-29 00:00:00'),
(11376, 42, 13, 38, 100.00, 'Completed', '2025-05-10 00:00:00'),
(11377, 42, 13, 38, 100.00, 'Completed', '2023-02-06 00:00:00'),
(11378, 42, 13, 38, 100.00, 'Completed', '2023-12-21 00:00:00'),
(11379, 42, 13, 38, 100.00, 'Completed', '2023-07-13 00:00:00'),
(11380, 42, 13, 38, 100.00, 'Completed', '2023-09-27 00:00:00'),
(11391, 43, 12, 39, 100.00, 'Completed', '2023-12-29 00:00:00'),
(11392, 43, 12, 39, 100.00, 'Completed', '2024-09-28 00:00:00'),
(11393, 43, 12, 39, 100.00, 'Completed', '2025-01-25 00:00:00'),
(11394, 43, 12, 39, 100.00, 'Completed', '2023-04-08 00:00:00'),
(11395, 43, 12, 39, 100.00, 'Completed', '2024-07-25 00:00:00'),
(11396, 43, 12, 39, 100.00, 'Completed', '2025-04-26 00:00:00'),
(11397, 43, 12, 39, 100.00, 'Completed', '2024-10-29 00:00:00'),
(11398, 43, 12, 39, 100.00, 'Completed', '2024-07-04 00:00:00'),
(11399, 43, 12, 39, 100.00, 'Completed', '2024-11-20 00:00:00'),
(11400, 43, 12, 39, 100.00, 'Completed', '2025-07-02 00:00:00'),
(11401, 43, 13, 39, 100.00, 'Completed', '2023-12-28 00:00:00'),
(11402, 43, 13, 39, 100.00, 'Completed', '2023-03-26 00:00:00'),
(11403, 43, 13, 39, 100.00, 'Completed', '2025-01-02 00:00:00'),
(11404, 43, 13, 39, 100.00, 'Completed', '2023-02-20 00:00:00'),
(11405, 43, 13, 39, 100.00, 'Completed', '2023-06-22 00:00:00'),
(11406, 43, 13, 39, 100.00, 'Completed', '2023-08-12 00:00:00'),
(11407, 43, 13, 39, 100.00, 'Completed', '2023-04-07 00:00:00'),
(11408, 43, 13, 39, 100.00, 'Completed', '2025-01-17 00:00:00'),
(11409, 43, 13, 39, 100.00, 'Completed', '2023-01-01 00:00:00'),
(11410, 43, 13, 39, 100.00, 'Completed', '2024-03-31 00:00:00'),
(11421, 44, 12, 40, 100.00, 'Completed', '2023-03-05 00:00:00'),
(11422, 44, 12, 40, 100.00, 'Completed', '2023-05-28 00:00:00'),
(11423, 44, 12, 40, 100.00, 'Completed', '2024-12-11 00:00:00'),
(11424, 44, 12, 40, 100.00, 'Completed', '2023-12-24 00:00:00'),
(11425, 44, 12, 40, 100.00, 'Completed', '2023-01-10 00:00:00'),
(11426, 44, 12, 40, 100.00, 'Completed', '2024-05-30 00:00:00'),
(11427, 44, 12, 40, 100.00, 'Completed', '2024-11-07 00:00:00'),
(11428, 44, 12, 40, 100.00, 'Completed', '2025-02-08 00:00:00'),
(11429, 44, 12, 40, 100.00, 'Completed', '2023-04-28 00:00:00'),
(11430, 44, 12, 40, 100.00, 'Completed', '2025-04-21 00:00:00'),
(11431, 44, 13, 40, 100.00, 'Completed', '2025-02-14 00:00:00'),
(11432, 44, 13, 40, 100.00, 'Completed', '2023-01-06 00:00:00'),
(11433, 44, 13, 40, 100.00, 'Completed', '2023-04-28 00:00:00'),
(11434, 44, 13, 40, 100.00, 'Completed', '2025-03-09 00:00:00'),
(11435, 44, 13, 40, 100.00, 'Completed', '2024-10-31 00:00:00'),
(11436, 44, 13, 40, 100.00, 'Completed', '2023-05-07 00:00:00');
INSERT INTO `orders` (`order_id`, `consumer_id`, `shop_id`, `address_id`, `total_amount`, `status`, `order_date`) VALUES
(11437, 44, 13, 40, 100.00, 'Completed', '2024-05-10 00:00:00'),
(11438, 44, 13, 40, 100.00, 'Completed', '2024-09-06 00:00:00'),
(11439, 44, 13, 40, 100.00, 'Completed', '2023-06-11 00:00:00'),
(11440, 44, 13, 40, 100.00, 'Completed', '2023-02-07 00:00:00'),
(11451, 45, 12, 41, 100.00, 'Completed', '2024-01-28 00:00:00'),
(11452, 45, 12, 41, 100.00, 'Completed', '2023-08-02 00:00:00'),
(11453, 45, 12, 41, 100.00, 'Completed', '2025-04-13 00:00:00'),
(11454, 45, 12, 41, 100.00, 'Completed', '2025-06-19 00:00:00'),
(11455, 45, 12, 41, 100.00, 'Completed', '2025-03-05 00:00:00'),
(11456, 45, 12, 41, 100.00, 'Completed', '2025-01-05 00:00:00'),
(11457, 45, 12, 41, 100.00, 'Completed', '2025-04-28 00:00:00'),
(11458, 45, 12, 41, 100.00, 'Completed', '2023-05-18 00:00:00'),
(11459, 45, 12, 41, 100.00, 'Completed', '2023-09-24 00:00:00'),
(11460, 45, 12, 41, 100.00, 'Completed', '2024-11-29 00:00:00'),
(11461, 45, 13, 41, 100.00, 'Completed', '2024-06-17 00:00:00'),
(11462, 45, 13, 41, 100.00, 'Completed', '2023-12-20 00:00:00'),
(11463, 45, 13, 41, 100.00, 'Completed', '2025-02-18 00:00:00'),
(11464, 45, 13, 41, 100.00, 'Completed', '2023-11-06 00:00:00'),
(11465, 45, 13, 41, 100.00, 'Completed', '2025-05-23 00:00:00'),
(11466, 45, 13, 41, 100.00, 'Completed', '2024-06-24 00:00:00'),
(11467, 45, 13, 41, 100.00, 'Completed', '2025-06-01 00:00:00'),
(11468, 45, 13, 41, 100.00, 'Completed', '2024-12-03 00:00:00'),
(11469, 45, 13, 41, 100.00, 'Completed', '2024-04-13 00:00:00'),
(11470, 45, 13, 41, 100.00, 'Completed', '2024-12-30 00:00:00'),
(11481, 46, 12, 42, 100.00, 'Completed', '2025-05-24 00:00:00'),
(11482, 46, 12, 42, 100.00, 'Completed', '2024-02-24 00:00:00'),
(11483, 46, 12, 42, 100.00, 'Completed', '2024-09-04 00:00:00'),
(11484, 46, 12, 42, 100.00, 'Completed', '2023-05-20 00:00:00'),
(11485, 46, 12, 42, 100.00, 'Completed', '2023-10-12 00:00:00'),
(11486, 46, 12, 42, 100.00, 'Completed', '2023-08-27 00:00:00'),
(11487, 46, 12, 42, 100.00, 'Completed', '2023-04-27 00:00:00'),
(11488, 46, 12, 42, 100.00, 'Completed', '2023-03-05 00:00:00'),
(11489, 46, 12, 42, 100.00, 'Completed', '2023-01-29 00:00:00'),
(11490, 46, 12, 42, 100.00, 'Completed', '2024-07-03 00:00:00'),
(11491, 46, 13, 42, 100.00, 'Completed', '2024-10-19 00:00:00'),
(11492, 46, 13, 42, 100.00, 'Completed', '2023-04-11 00:00:00'),
(11493, 46, 13, 42, 100.00, 'Completed', '2024-09-29 00:00:00'),
(11494, 46, 13, 42, 100.00, 'Completed', '2024-02-11 00:00:00'),
(11495, 46, 13, 42, 100.00, 'Completed', '2023-11-29 00:00:00'),
(11496, 46, 13, 42, 100.00, 'Completed', '2024-09-28 00:00:00'),
(11497, 46, 13, 42, 100.00, 'Completed', '2024-11-10 00:00:00'),
(11498, 46, 13, 42, 100.00, 'Completed', '2024-07-09 00:00:00'),
(11499, 46, 13, 42, 100.00, 'Completed', '2025-03-22 00:00:00'),
(11500, 46, 13, 42, 100.00, 'Completed', '2023-07-28 00:00:00'),
(11511, 47, 12, 43, 100.00, 'Completed', '2023-03-23 00:00:00'),
(11512, 47, 12, 43, 100.00, 'Completed', '2023-04-07 00:00:00'),
(11513, 47, 12, 43, 100.00, 'Completed', '2025-03-09 00:00:00'),
(11514, 47, 12, 43, 100.00, 'Completed', '2023-10-11 00:00:00'),
(11515, 47, 12, 43, 100.00, 'Completed', '2023-08-22 00:00:00'),
(11516, 47, 12, 43, 100.00, 'Completed', '2024-11-01 00:00:00'),
(11517, 47, 12, 43, 100.00, 'Completed', '2024-03-07 00:00:00'),
(11518, 47, 12, 43, 100.00, 'Completed', '2024-03-13 00:00:00'),
(11519, 47, 12, 43, 100.00, 'Completed', '2025-05-13 00:00:00'),
(11520, 47, 12, 43, 100.00, 'Completed', '2023-01-22 00:00:00'),
(11521, 47, 13, 43, 100.00, 'Completed', '2023-12-25 00:00:00'),
(11522, 47, 13, 43, 100.00, 'Completed', '2024-06-12 00:00:00'),
(11523, 47, 13, 43, 100.00, 'Completed', '2024-11-15 00:00:00'),
(11524, 47, 13, 43, 100.00, 'Completed', '2023-07-24 00:00:00'),
(11525, 47, 13, 43, 100.00, 'Completed', '2024-10-20 00:00:00'),
(11526, 47, 13, 43, 100.00, 'Completed', '2023-09-21 00:00:00'),
(11527, 47, 13, 43, 100.00, 'Completed', '2024-04-29 00:00:00'),
(11528, 47, 13, 43, 100.00, 'Completed', '2024-11-09 00:00:00'),
(11529, 47, 13, 43, 100.00, 'Completed', '2025-06-06 00:00:00'),
(11530, 47, 13, 43, 100.00, 'Completed', '2023-07-05 00:00:00'),
(11541, 48, 12, 44, 100.00, 'Completed', '2023-01-03 00:00:00'),
(11542, 48, 12, 44, 100.00, 'Completed', '2024-06-19 00:00:00'),
(11543, 48, 12, 44, 100.00, 'Completed', '2024-08-17 00:00:00'),
(11544, 48, 12, 44, 100.00, 'Completed', '2023-09-02 00:00:00'),
(11545, 48, 12, 44, 100.00, 'Completed', '2024-12-11 00:00:00'),
(11546, 48, 12, 44, 100.00, 'Completed', '2024-05-02 00:00:00'),
(11547, 48, 12, 44, 100.00, 'Completed', '2023-06-03 00:00:00'),
(11548, 48, 12, 44, 100.00, 'Completed', '2023-03-18 00:00:00'),
(11549, 48, 12, 44, 100.00, 'Completed', '2023-04-13 00:00:00'),
(11550, 48, 12, 44, 100.00, 'Completed', '2024-04-24 00:00:00'),
(11551, 48, 13, 44, 100.00, 'Completed', '2023-08-28 00:00:00'),
(11552, 48, 13, 44, 100.00, 'Completed', '2023-02-21 00:00:00'),
(11553, 48, 13, 44, 100.00, 'Completed', '2024-04-03 00:00:00'),
(11554, 48, 13, 44, 100.00, 'Completed', '2024-09-17 00:00:00'),
(11555, 48, 13, 44, 100.00, 'Completed', '2023-05-03 00:00:00'),
(11556, 48, 13, 44, 100.00, 'Completed', '2024-02-29 00:00:00'),
(11557, 48, 13, 44, 100.00, 'Completed', '2024-10-24 00:00:00'),
(11558, 48, 13, 44, 100.00, 'Completed', '2023-09-28 00:00:00'),
(11559, 48, 13, 44, 100.00, 'Completed', '2025-06-20 00:00:00'),
(11560, 48, 13, 44, 100.00, 'Completed', '2023-04-22 00:00:00'),
(11571, 49, 12, 45, 100.00, 'Completed', '2025-06-05 00:00:00'),
(11572, 49, 12, 45, 100.00, 'Completed', '2025-03-04 00:00:00'),
(11573, 49, 12, 45, 100.00, 'Completed', '2023-06-15 00:00:00'),
(11574, 49, 12, 45, 100.00, 'Completed', '2023-09-25 00:00:00'),
(11575, 49, 12, 45, 100.00, 'Completed', '2023-01-10 00:00:00'),
(11576, 49, 12, 45, 100.00, 'Completed', '2023-05-11 00:00:00'),
(11577, 49, 12, 45, 100.00, 'Completed', '2025-03-10 00:00:00'),
(11578, 49, 12, 45, 100.00, 'Completed', '2024-02-23 00:00:00'),
(11579, 49, 12, 45, 100.00, 'Completed', '2024-08-29 00:00:00'),
(11580, 49, 12, 45, 100.00, 'Completed', '2024-11-17 00:00:00'),
(11581, 49, 13, 45, 100.00, 'Completed', '2024-05-27 00:00:00'),
(11582, 49, 13, 45, 100.00, 'Completed', '2024-05-21 00:00:00'),
(11583, 49, 13, 45, 100.00, 'Completed', '2024-01-16 00:00:00'),
(11584, 49, 13, 45, 100.00, 'Completed', '2025-05-14 00:00:00'),
(11585, 49, 13, 45, 100.00, 'Completed', '2025-01-07 00:00:00'),
(11586, 49, 13, 45, 100.00, 'Completed', '2025-07-24 00:00:00'),
(11587, 49, 13, 45, 100.00, 'Completed', '2024-06-05 00:00:00'),
(11588, 49, 13, 45, 100.00, 'Completed', '2024-06-09 00:00:00'),
(11589, 49, 13, 45, 100.00, 'Completed', '2025-02-25 00:00:00'),
(11590, 49, 13, 45, 100.00, 'Completed', '2025-05-05 00:00:00'),
(11601, 50, 12, 46, 100.00, 'Completed', '2023-03-24 00:00:00'),
(11602, 50, 12, 46, 100.00, 'Completed', '2023-08-11 00:00:00'),
(11603, 50, 12, 46, 100.00, 'Completed', '2024-07-07 00:00:00'),
(11604, 50, 12, 46, 100.00, 'Completed', '2025-01-19 00:00:00'),
(11605, 50, 12, 46, 100.00, 'Completed', '2025-07-01 00:00:00'),
(11606, 50, 12, 46, 100.00, 'Completed', '2023-09-07 00:00:00'),
(11607, 50, 12, 46, 100.00, 'Completed', '2025-07-22 00:00:00'),
(11608, 50, 12, 46, 100.00, 'Completed', '2024-01-16 00:00:00'),
(11609, 50, 12, 46, 100.00, 'Completed', '2024-07-27 00:00:00'),
(11610, 50, 12, 46, 100.00, 'Completed', '2025-06-12 00:00:00'),
(11611, 50, 13, 46, 100.00, 'Completed', '2023-11-18 00:00:00'),
(11612, 50, 13, 46, 100.00, 'Completed', '2025-02-12 00:00:00'),
(11613, 50, 13, 46, 100.00, 'Completed', '2024-10-29 00:00:00'),
(11614, 50, 13, 46, 100.00, 'Completed', '2024-08-17 00:00:00'),
(11615, 50, 13, 46, 100.00, 'Completed', '2024-05-20 00:00:00'),
(11616, 50, 13, 46, 100.00, 'Completed', '2025-07-26 00:00:00'),
(11617, 50, 13, 46, 100.00, 'Completed', '2023-12-22 00:00:00'),
(11618, 50, 13, 46, 100.00, 'Completed', '2023-10-13 00:00:00'),
(11619, 50, 13, 46, 100.00, 'Completed', '2023-05-14 00:00:00'),
(11620, 50, 13, 46, 100.00, 'Completed', '2023-05-07 00:00:00'),
(11631, 51, 12, 47, 100.00, 'Completed', '2024-10-09 00:00:00'),
(11632, 51, 12, 47, 100.00, 'Completed', '2024-04-14 00:00:00'),
(11633, 51, 12, 47, 100.00, 'Completed', '2024-02-19 00:00:00'),
(11634, 51, 12, 47, 100.00, 'Completed', '2025-03-05 00:00:00'),
(11635, 51, 12, 47, 100.00, 'Completed', '2025-02-10 00:00:00'),
(11636, 51, 12, 47, 100.00, 'Completed', '2025-05-23 00:00:00'),
(11637, 51, 12, 47, 100.00, 'Completed', '2023-09-07 00:00:00'),
(11638, 51, 12, 47, 100.00, 'Completed', '2023-05-14 00:00:00'),
(11639, 51, 12, 47, 100.00, 'Completed', '2023-08-16 00:00:00'),
(11640, 51, 12, 47, 100.00, 'Completed', '2024-06-25 00:00:00'),
(11641, 51, 13, 47, 100.00, 'Completed', '2025-07-20 00:00:00'),
(11642, 51, 13, 47, 100.00, 'Completed', '2025-02-04 00:00:00'),
(11643, 51, 13, 47, 100.00, 'Completed', '2024-03-22 00:00:00'),
(11644, 51, 13, 47, 100.00, 'Completed', '2023-03-07 00:00:00'),
(11645, 51, 13, 47, 100.00, 'Completed', '2024-10-12 00:00:00'),
(11646, 51, 13, 47, 100.00, 'Completed', '2024-08-29 00:00:00'),
(11647, 51, 13, 47, 100.00, 'Completed', '2023-01-06 00:00:00'),
(11648, 51, 13, 47, 100.00, 'Completed', '2023-01-17 00:00:00'),
(11649, 51, 13, 47, 100.00, 'Completed', '2023-08-11 00:00:00'),
(11650, 51, 13, 47, 100.00, 'Completed', '2024-04-26 00:00:00'),
(11661, 52, 12, 48, 100.00, 'Completed', '2024-08-11 00:00:00'),
(11662, 52, 12, 48, 100.00, 'Completed', '2024-07-03 00:00:00'),
(11663, 52, 12, 48, 100.00, 'Completed', '2025-04-30 00:00:00'),
(11664, 52, 12, 48, 100.00, 'Completed', '2024-10-19 00:00:00'),
(11665, 52, 12, 48, 100.00, 'Completed', '2024-08-05 00:00:00'),
(11666, 52, 12, 48, 100.00, 'Completed', '2024-11-17 00:00:00'),
(11667, 52, 12, 48, 100.00, 'Completed', '2025-02-18 00:00:00'),
(11668, 52, 12, 48, 100.00, 'Completed', '2024-10-20 00:00:00'),
(11669, 52, 12, 48, 100.00, 'Completed', '2024-10-22 00:00:00'),
(11670, 52, 12, 48, 100.00, 'Completed', '2024-01-08 00:00:00'),
(11671, 52, 13, 48, 100.00, 'Completed', '2024-08-19 00:00:00'),
(11672, 52, 13, 48, 100.00, 'Completed', '2023-01-30 00:00:00'),
(11673, 52, 13, 48, 100.00, 'Completed', '2023-11-08 00:00:00'),
(11674, 52, 13, 48, 100.00, 'Completed', '2024-10-07 00:00:00'),
(11675, 52, 13, 48, 100.00, 'Completed', '2023-03-29 00:00:00'),
(11676, 52, 13, 48, 100.00, 'Completed', '2025-03-13 00:00:00'),
(11677, 52, 13, 48, 100.00, 'Completed', '2025-05-09 00:00:00'),
(11678, 52, 13, 48, 100.00, 'Completed', '2023-08-12 00:00:00'),
(11679, 52, 13, 48, 100.00, 'Completed', '2023-09-12 00:00:00'),
(11680, 52, 13, 48, 100.00, 'Completed', '2023-09-03 00:00:00'),
(11691, 53, 12, 49, 100.00, 'Completed', '2025-01-08 00:00:00'),
(11692, 53, 12, 49, 100.00, 'Completed', '2023-09-10 00:00:00'),
(11693, 53, 12, 49, 100.00, 'Completed', '2023-08-17 00:00:00'),
(11694, 53, 12, 49, 100.00, 'Completed', '2023-07-16 00:00:00'),
(11695, 53, 12, 49, 100.00, 'Completed', '2023-06-30 00:00:00'),
(11696, 53, 12, 49, 100.00, 'Completed', '2024-11-15 00:00:00'),
(11697, 53, 12, 49, 100.00, 'Completed', '2023-06-24 00:00:00'),
(11698, 53, 12, 49, 100.00, 'Completed', '2023-06-27 00:00:00'),
(11699, 53, 12, 49, 100.00, 'Completed', '2023-03-22 00:00:00'),
(11700, 53, 12, 49, 100.00, 'Completed', '2025-01-07 00:00:00'),
(11701, 53, 13, 49, 100.00, 'Completed', '2024-07-11 00:00:00'),
(11702, 53, 13, 49, 100.00, 'Completed', '2024-04-25 00:00:00'),
(11703, 53, 13, 49, 100.00, 'Completed', '2025-06-08 00:00:00'),
(11704, 53, 13, 49, 100.00, 'Completed', '2023-01-15 00:00:00'),
(11705, 53, 13, 49, 100.00, 'Completed', '2024-08-03 00:00:00'),
(11706, 53, 13, 49, 100.00, 'Completed', '2023-04-01 00:00:00'),
(11707, 53, 13, 49, 100.00, 'Completed', '2023-02-11 00:00:00'),
(11708, 53, 13, 49, 100.00, 'Completed', '2025-06-10 00:00:00'),
(11709, 53, 13, 49, 100.00, 'Completed', '2025-03-24 00:00:00'),
(11710, 53, 13, 49, 100.00, 'Completed', '2024-10-16 00:00:00'),
(11721, 54, 12, 50, 100.00, 'Completed', '2024-06-11 00:00:00'),
(11722, 54, 12, 50, 100.00, 'Completed', '2024-12-30 00:00:00'),
(11723, 54, 12, 50, 100.00, 'Completed', '2023-03-07 00:00:00'),
(11724, 54, 12, 50, 100.00, 'Completed', '2024-07-19 00:00:00'),
(11725, 54, 12, 50, 100.00, 'Completed', '2023-11-03 00:00:00'),
(11726, 54, 12, 50, 100.00, 'Completed', '2025-03-27 00:00:00'),
(11727, 54, 12, 50, 100.00, 'Completed', '2025-01-29 00:00:00'),
(11728, 54, 12, 50, 100.00, 'Completed', '2023-10-11 00:00:00'),
(11729, 54, 12, 50, 100.00, 'Completed', '2023-11-13 00:00:00'),
(11730, 54, 12, 50, 100.00, 'Completed', '2025-02-16 00:00:00'),
(11731, 54, 13, 50, 100.00, 'Completed', '2024-01-28 00:00:00'),
(11732, 54, 13, 50, 100.00, 'Completed', '2024-09-20 00:00:00'),
(11733, 54, 13, 50, 100.00, 'Completed', '2023-10-11 00:00:00'),
(11734, 54, 13, 50, 100.00, 'Completed', '2023-04-11 00:00:00'),
(11735, 54, 13, 50, 100.00, 'Completed', '2024-02-21 00:00:00'),
(11736, 54, 13, 50, 100.00, 'Completed', '2024-08-14 00:00:00'),
(11737, 54, 13, 50, 100.00, 'Completed', '2024-02-08 00:00:00'),
(11738, 54, 13, 50, 100.00, 'Completed', '2023-12-02 00:00:00'),
(11739, 54, 13, 50, 100.00, 'Completed', '2023-02-08 00:00:00'),
(11740, 54, 13, 50, 100.00, 'Completed', '2024-06-23 00:00:00'),
(11751, 55, 12, 51, 100.00, 'Completed', '2023-07-22 00:00:00'),
(11752, 55, 12, 51, 100.00, 'Completed', '2025-03-04 00:00:00'),
(11753, 55, 12, 51, 100.00, 'Completed', '2025-04-09 00:00:00'),
(11754, 55, 12, 51, 100.00, 'Completed', '2025-03-21 00:00:00'),
(11755, 55, 12, 51, 100.00, 'Completed', '2023-09-26 00:00:00'),
(11756, 55, 12, 51, 100.00, 'Completed', '2024-05-17 00:00:00'),
(11757, 55, 12, 51, 100.00, 'Completed', '2023-05-29 00:00:00'),
(11758, 55, 12, 51, 100.00, 'Completed', '2023-06-10 00:00:00'),
(11759, 55, 12, 51, 100.00, 'Completed', '2024-01-06 00:00:00'),
(11760, 55, 12, 51, 100.00, 'Completed', '2025-07-13 00:00:00'),
(11761, 55, 13, 51, 100.00, 'Completed', '2025-05-06 00:00:00'),
(11762, 55, 13, 51, 100.00, 'Completed', '2024-03-26 00:00:00'),
(11763, 55, 13, 51, 100.00, 'Completed', '2025-02-11 00:00:00'),
(11764, 55, 13, 51, 100.00, 'Completed', '2025-05-13 00:00:00'),
(11765, 55, 13, 51, 100.00, 'Completed', '2024-01-12 00:00:00'),
(11766, 55, 13, 51, 100.00, 'Completed', '2023-08-10 00:00:00'),
(11767, 55, 13, 51, 100.00, 'Completed', '2023-03-07 00:00:00'),
(11768, 55, 13, 51, 100.00, 'Completed', '2023-07-31 00:00:00'),
(11769, 55, 13, 51, 100.00, 'Completed', '2023-05-05 00:00:00'),
(11770, 55, 13, 51, 100.00, 'Completed', '2024-04-12 00:00:00'),
(11781, 56, 12, 52, 100.00, 'Completed', '2023-06-25 00:00:00'),
(11782, 56, 12, 52, 100.00, 'Completed', '2024-01-01 00:00:00'),
(11783, 56, 12, 52, 100.00, 'Completed', '2023-05-02 00:00:00'),
(11784, 56, 12, 52, 100.00, 'Completed', '2025-03-26 00:00:00'),
(11785, 56, 12, 52, 100.00, 'Completed', '2023-01-18 00:00:00'),
(11786, 56, 12, 52, 100.00, 'Completed', '2023-03-01 00:00:00'),
(11787, 56, 12, 52, 100.00, 'Completed', '2024-06-28 00:00:00'),
(11788, 56, 12, 52, 100.00, 'Completed', '2024-11-30 00:00:00'),
(11789, 56, 12, 52, 100.00, 'Completed', '2023-01-03 00:00:00'),
(11790, 56, 12, 52, 100.00, 'Completed', '2023-03-04 00:00:00'),
(11791, 56, 13, 52, 100.00, 'Completed', '2023-11-04 00:00:00'),
(11792, 56, 13, 52, 100.00, 'Completed', '2024-11-12 00:00:00'),
(11793, 56, 13, 52, 100.00, 'Completed', '2023-09-06 00:00:00'),
(11794, 56, 13, 52, 100.00, 'Completed', '2024-05-29 00:00:00'),
(11795, 56, 13, 52, 100.00, 'Completed', '2024-10-16 00:00:00'),
(11796, 56, 13, 52, 100.00, 'Completed', '2023-01-23 00:00:00'),
(11797, 56, 13, 52, 100.00, 'Completed', '2023-04-15 00:00:00'),
(11798, 56, 13, 52, 100.00, 'Completed', '2023-09-22 00:00:00'),
(11799, 56, 13, 52, 100.00, 'Completed', '2024-04-18 00:00:00'),
(11800, 56, 13, 52, 100.00, 'Completed', '2025-01-06 00:00:00'),
(11811, 57, 12, 53, 100.00, 'Completed', '2023-09-16 00:00:00'),
(11812, 57, 12, 53, 100.00, 'Completed', '2023-08-27 00:00:00'),
(11813, 57, 12, 53, 100.00, 'Completed', '2025-05-28 00:00:00'),
(11814, 57, 12, 53, 100.00, 'Completed', '2023-01-12 00:00:00'),
(11815, 57, 12, 53, 100.00, 'Completed', '2024-10-20 00:00:00'),
(11816, 57, 12, 53, 100.00, 'Completed', '2025-01-27 00:00:00'),
(11817, 57, 12, 53, 100.00, 'Completed', '2024-09-22 00:00:00'),
(11818, 57, 12, 53, 100.00, 'Completed', '2023-01-07 00:00:00'),
(11819, 57, 12, 53, 100.00, 'Completed', '2023-12-20 00:00:00'),
(11820, 57, 12, 53, 100.00, 'Completed', '2025-05-21 00:00:00'),
(11821, 57, 13, 53, 100.00, 'Completed', '2023-07-07 00:00:00'),
(11822, 57, 13, 53, 100.00, 'Completed', '2024-12-15 00:00:00'),
(11823, 57, 13, 53, 100.00, 'Completed', '2024-05-28 00:00:00'),
(11824, 57, 13, 53, 100.00, 'Completed', '2023-09-08 00:00:00'),
(11825, 57, 13, 53, 100.00, 'Completed', '2024-07-22 00:00:00'),
(11826, 57, 13, 53, 100.00, 'Completed', '2023-09-04 00:00:00'),
(11827, 57, 13, 53, 100.00, 'Completed', '2024-10-05 00:00:00'),
(11828, 57, 13, 53, 100.00, 'Completed', '2025-01-15 00:00:00'),
(11829, 57, 13, 53, 100.00, 'Completed', '2023-01-25 00:00:00'),
(11830, 57, 13, 53, 100.00, 'Completed', '2024-08-26 00:00:00'),
(11841, 58, 12, 54, 100.00, 'Completed', '2023-07-14 00:00:00'),
(11842, 58, 12, 54, 100.00, 'Completed', '2024-04-19 00:00:00'),
(11843, 58, 12, 54, 100.00, 'Completed', '2025-04-09 00:00:00'),
(11844, 58, 12, 54, 100.00, 'Completed', '2023-04-10 00:00:00'),
(11845, 58, 12, 54, 100.00, 'Completed', '2024-08-21 00:00:00'),
(11846, 58, 12, 54, 100.00, 'Completed', '2023-05-14 00:00:00'),
(11847, 58, 12, 54, 100.00, 'Completed', '2023-06-18 00:00:00'),
(11848, 58, 12, 54, 100.00, 'Completed', '2024-04-03 00:00:00'),
(11849, 58, 12, 54, 100.00, 'Completed', '2023-09-17 00:00:00'),
(11850, 58, 12, 54, 100.00, 'Completed', '2025-05-22 00:00:00'),
(11851, 58, 13, 54, 100.00, 'Completed', '2024-12-09 00:00:00'),
(11852, 58, 13, 54, 100.00, 'Completed', '2023-03-04 00:00:00'),
(11853, 58, 13, 54, 100.00, 'Completed', '2025-06-30 00:00:00'),
(11854, 58, 13, 54, 100.00, 'Completed', '2025-05-12 00:00:00'),
(11855, 58, 13, 54, 100.00, 'Completed', '2023-11-25 00:00:00'),
(11856, 58, 13, 54, 100.00, 'Completed', '2023-07-04 00:00:00'),
(11857, 58, 13, 54, 100.00, 'Completed', '2023-08-09 00:00:00'),
(11858, 58, 13, 54, 100.00, 'Completed', '2024-05-10 00:00:00'),
(11859, 58, 13, 54, 100.00, 'Completed', '2025-03-24 00:00:00'),
(11860, 58, 13, 54, 100.00, 'Completed', '2023-05-05 00:00:00'),
(11871, 59, 12, 55, 100.00, 'Completed', '2025-06-22 00:00:00'),
(11872, 59, 12, 55, 100.00, 'Completed', '2025-05-07 00:00:00'),
(11873, 59, 12, 55, 100.00, 'Completed', '2023-05-21 00:00:00'),
(11874, 59, 12, 55, 100.00, 'Completed', '2023-10-31 00:00:00'),
(11875, 59, 12, 55, 100.00, 'Completed', '2025-01-22 00:00:00'),
(11876, 59, 12, 55, 100.00, 'Completed', '2024-01-22 00:00:00'),
(11877, 59, 12, 55, 100.00, 'Completed', '2023-10-24 00:00:00'),
(11878, 59, 12, 55, 100.00, 'Completed', '2023-06-03 00:00:00'),
(11879, 59, 12, 55, 100.00, 'Completed', '2024-05-03 00:00:00'),
(11880, 59, 12, 55, 100.00, 'Completed', '2023-09-26 00:00:00'),
(11881, 59, 13, 55, 100.00, 'Completed', '2023-07-05 00:00:00'),
(11882, 59, 13, 55, 100.00, 'Completed', '2023-09-08 00:00:00'),
(11883, 59, 13, 55, 100.00, 'Completed', '2025-07-08 00:00:00'),
(11884, 59, 13, 55, 100.00, 'Completed', '2023-08-29 00:00:00'),
(11885, 59, 13, 55, 100.00, 'Completed', '2023-03-03 00:00:00'),
(11886, 59, 13, 55, 100.00, 'Completed', '2023-10-04 00:00:00'),
(11887, 59, 13, 55, 100.00, 'Completed', '2025-03-17 00:00:00'),
(11888, 59, 13, 55, 100.00, 'Completed', '2024-12-24 00:00:00'),
(11889, 59, 13, 55, 100.00, 'Completed', '2024-04-18 00:00:00'),
(11890, 59, 13, 55, 100.00, 'Completed', '2024-06-01 00:00:00');

-- --------------------------------------------------------

--
-- Table structure for table `order_items`
--

CREATE TABLE `order_items` (
  `order_item_id` int(11) NOT NULL,
  `order_id` int(11) NOT NULL,
  `container_id` int(11) NOT NULL,
  `quantity` int(11) NOT NULL,
  `price` decimal(10,2) NOT NULL
) ENGINE=InnoDB DEFAULT CHARSET=utf8mb4 COLLATE=utf8mb4_unicode_ci;

--
-- Dumping data for table `order_items`
--

INSERT INTO `order_items` (`order_item_id`, `order_id`, `container_id`, `quantity`, `price`) VALUES
(12839, 10251, 7, 1, 55.00),
(12840, 10252, 7, 1, 55.00),
(12841, 10253, 7, 1, 55.00),
(12842, 10254, 7, 1, 55.00),
(12843, 10255, 7, 1, 55.00),
(12844, 10256, 7, 1, 55.00),
(12845, 10257, 7, 1, 55.00),
(12846, 10258, 7, 1, 55.00),
(12847, 10259, 7, 1, 55.00),
(12848, 10260, 7, 1, 55.00),
(12849, 10281, 7, 1, 55.00),
(12850, 10282, 7, 1, 55.00),
(12851, 10283, 7, 1, 55.00),
(12852, 10284, 7, 1, 55.00),
(12853, 10285, 7, 1, 55.00),
(12854, 10286, 7, 1, 55.00),
(12855, 10287, 7, 1, 55.00),
(12856, 10288, 7, 1, 55.00),
(12857, 10289, 7, 1, 55.00),
(12858, 10290, 7, 1, 55.00),
(12859, 10311, 7, 1, 55.00),
(12860, 10312, 7, 1, 55.00),
(12861, 10313, 7, 1, 55.00),
(12862, 10314, 7, 1, 55.00),
(12863, 10315, 7, 1, 55.00),
(12864, 10316, 7, 1, 55.00),
(12865, 10317, 7, 1, 55.00),
(12866, 10318, 7, 1, 55.00),
(12867, 10319, 7, 1, 55.00),
(12868, 10320, 7, 1, 55.00),
(12869, 10341, 7, 1, 55.00),
(12870, 10342, 7, 1, 55.00),
(12871, 10343, 7, 1, 55.00),
(12872, 10344, 7, 1, 55.00),
(12873, 10345, 7, 1, 55.00),
(12874, 10346, 7, 1, 55.00),
(12875, 10347, 7, 1, 55.00),
(12876, 10348, 7, 1, 55.00),
(12877, 10349, 7, 1, 55.00),
(12878, 10350, 7, 1, 55.00),
(12879, 10371, 7, 1, 55.00),
(12880, 10372, 7, 1, 55.00),
(12881, 10373, 7, 1, 55.00),
(12882, 10374, 7, 1, 55.00),
(12883, 10375, 7, 1, 55.00),
(12884, 10376, 7, 1, 55.00),
(12885, 10377, 7, 1, 55.00),
(12886, 10378, 7, 1, 55.00),
(12887, 10379, 7, 1, 55.00),
(12888, 10380, 7, 1, 55.00),
(12889, 10401, 7, 1, 55.00),
(12890, 10402, 7, 1, 55.00),
(12891, 10403, 7, 1, 55.00),
(12892, 10404, 7, 1, 55.00),
(12893, 10405, 7, 1, 55.00),
(12894, 10406, 7, 1, 55.00),
(12895, 10407, 7, 1, 55.00),
(12896, 10408, 7, 1, 55.00),
(12897, 10409, 7, 1, 55.00),
(12898, 10410, 7, 1, 55.00),
(12899, 10431, 7, 1, 55.00),
(12900, 10432, 7, 1, 55.00),
(12901, 10433, 7, 1, 55.00),
(12902, 10434, 7, 1, 55.00),
(12903, 10435, 7, 1, 55.00),
(12904, 10436, 7, 1, 55.00),
(12905, 10437, 7, 1, 55.00),
(12906, 10438, 7, 1, 55.00),
(12907, 10439, 7, 1, 55.00),
(12908, 10440, 7, 1, 55.00),
(12909, 10461, 7, 1, 55.00),
(12910, 10462, 7, 1, 55.00),
(12911, 10463, 7, 1, 55.00),
(12912, 10464, 7, 1, 55.00),
(12913, 10465, 7, 1, 55.00),
(12914, 10466, 7, 1, 55.00),
(12915, 10467, 7, 1, 55.00),
(12916, 10468, 7, 1, 55.00),
(12917, 10469, 7, 1, 55.00),
(12918, 10470, 7, 1, 55.00),
(12919, 10491, 7, 1, 55.00),
(12920, 10492, 7, 1, 55.00),
(12921, 10493, 7, 1, 55.00),
(12922, 10494, 7, 1, 55.00),
(12923, 10495, 7, 1, 55.00),
(12924, 10496, 7, 1, 55.00),
(12925, 10497, 7, 1, 55.00),
(12926, 10498, 7, 1, 55.00),
(12927, 10499, 7, 1, 55.00),
(12928, 10500, 7, 1, 55.00),
(12929, 10521, 7, 1, 55.00),
(12930, 10522, 7, 1, 55.00),
(12931, 10523, 7, 1, 55.00),
(12932, 10524, 7, 1, 55.00),
(12933, 10525, 7, 1, 55.00),
(12934, 10526, 7, 1, 55.00),
(12935, 10527, 7, 1, 55.00),
(12936, 10528, 7, 1, 55.00),
(12937, 10529, 7, 1, 55.00),
(12938, 10530, 7, 1, 55.00),
(12939, 10551, 7, 1, 55.00),
(12940, 10552, 7, 1, 55.00),
(12941, 10553, 7, 1, 55.00),
(12942, 10554, 7, 1, 55.00),
(12943, 10555, 7, 1, 55.00),
(12944, 10556, 7, 1, 55.00),
(12945, 10557, 7, 1, 55.00),
(12946, 10558, 7, 1, 55.00),
(12947, 10559, 7, 1, 55.00),
(12948, 10560, 7, 1, 55.00),
(12949, 10581, 7, 1, 55.00),
(12950, 10582, 7, 1, 55.00),
(12951, 10583, 7, 1, 55.00),
(12952, 10584, 7, 1, 55.00),
(12953, 10585, 7, 1, 55.00),
(12954, 10586, 7, 1, 55.00),
(12955, 10587, 7, 1, 55.00),
(12956, 10588, 7, 1, 55.00),
(12957, 10589, 7, 1, 55.00),
(12958, 10590, 7, 1, 55.00),
(12959, 10611, 7, 1, 55.00),
(12960, 10612, 7, 1, 55.00),
(12961, 10613, 7, 1, 55.00),
(12962, 10614, 7, 1, 55.00),
(12963, 10615, 7, 1, 55.00),
(12964, 10616, 7, 1, 55.00),
(12965, 10617, 7, 1, 55.00),
(12966, 10618, 7, 1, 55.00),
(12967, 10619, 7, 1, 55.00),
(12968, 10620, 7, 1, 55.00),
(12969, 10641, 7, 1, 55.00),
(12970, 10642, 7, 1, 55.00),
(12971, 10643, 7, 1, 55.00),
(12972, 10644, 7, 1, 55.00),
(12973, 10645, 7, 1, 55.00),
(12974, 10646, 7, 1, 55.00),
(12975, 10647, 7, 1, 55.00),
(12976, 10648, 7, 1, 55.00),
(12977, 10649, 7, 1, 55.00),
(12978, 10650, 7, 1, 55.00),
(12979, 10671, 7, 1, 55.00),
(12980, 10672, 7, 1, 55.00),
(12981, 10673, 7, 1, 55.00),
(12982, 10674, 7, 1, 55.00),
(12983, 10675, 7, 1, 55.00),
(12984, 10676, 7, 1, 55.00),
(12985, 10677, 7, 1, 55.00),
(12986, 10678, 7, 1, 55.00),
(12987, 10679, 7, 1, 55.00),
(12988, 10680, 7, 1, 55.00),
(12989, 10701, 7, 1, 55.00),
(12990, 10702, 7, 1, 55.00),
(12991, 10703, 7, 1, 55.00),
(12992, 10704, 7, 1, 55.00),
(12993, 10705, 7, 1, 55.00),
(12994, 10706, 7, 1, 55.00),
(12995, 10707, 7, 1, 55.00),
(12996, 10708, 7, 1, 55.00),
(12997, 10709, 7, 1, 55.00),
(12998, 10710, 7, 1, 55.00),
(12999, 10731, 7, 1, 55.00),
(13000, 10732, 7, 1, 55.00),
(13001, 10733, 7, 1, 55.00),
(13002, 10734, 7, 1, 55.00),
(13003, 10735, 7, 1, 55.00),
(13004, 10736, 7, 1, 55.00),
(13005, 10737, 7, 1, 55.00),
(13006, 10738, 7, 1, 55.00),
(13007, 10739, 7, 1, 55.00),
(13008, 10740, 7, 1, 55.00),
(13009, 10761, 7, 1, 55.00),
(13010, 10762, 7, 1, 55.00),
(13011, 10763, 7, 1, 55.00),
(13012, 10764, 7, 1, 55.00),
(13013, 10765, 7, 1, 55.00),
(13014, 10766, 7, 1, 55.00),
(13015, 10767, 7, 1, 55.00),
(13016, 10768, 7, 1, 55.00),
(13017, 10769, 7, 1, 55.00),
(13018, 10770, 7, 1, 55.00),
(13019, 10791, 7, 1, 55.00),
(13020, 10792, 7, 1, 55.00),
(13021, 10793, 7, 1, 55.00),
(13022, 10794, 7, 1, 55.00),
(13023, 10795, 7, 1, 55.00),
(13024, 10796, 7, 1, 55.00),
(13025, 10797, 7, 1, 55.00),
(13026, 10798, 7, 1, 55.00),
(13027, 10799, 7, 1, 55.00),
(13028, 10800, 7, 1, 55.00),
(13029, 10821, 7, 1, 55.00),
(13030, 10822, 7, 1, 55.00),
(13031, 10823, 7, 1, 55.00),
(13032, 10824, 7, 1, 55.00),
(13033, 10825, 7, 1, 55.00),
(13034, 10826, 7, 1, 55.00),
(13035, 10827, 7, 1, 55.00),
(13036, 10828, 7, 1, 55.00),
(13037, 10829, 7, 1, 55.00),
(13038, 10830, 7, 1, 55.00),
(13039, 10851, 7, 1, 55.00),
(13040, 10852, 7, 1, 55.00),
(13041, 10853, 7, 1, 55.00),
(13042, 10854, 7, 1, 55.00),
(13043, 10855, 7, 1, 55.00),
(13044, 10856, 7, 1, 55.00),
(13045, 10857, 7, 1, 55.00),
(13046, 10858, 7, 1, 55.00),
(13047, 10859, 7, 1, 55.00),
(13048, 10860, 7, 1, 55.00),
(13049, 10881, 7, 1, 55.00),
(13050, 10882, 7, 1, 55.00),
(13051, 10883, 7, 1, 55.00),
(13052, 10884, 7, 1, 55.00),
(13053, 10885, 7, 1, 55.00),
(13054, 10886, 7, 1, 55.00),
(13055, 10887, 7, 1, 55.00),
(13056, 10888, 7, 1, 55.00),
(13057, 10889, 7, 1, 55.00),
(13058, 10890, 7, 1, 55.00),
(13059, 10911, 7, 1, 55.00),
(13060, 10912, 7, 1, 55.00),
(13061, 10913, 7, 1, 55.00),
(13062, 10914, 7, 1, 55.00),
(13063, 10915, 7, 1, 55.00),
(13064, 10916, 7, 1, 55.00),
(13065, 10917, 7, 1, 55.00),
(13066, 10918, 7, 1, 55.00),
(13067, 10919, 7, 1, 55.00),
(13068, 10920, 7, 1, 55.00),
(13069, 10941, 7, 1, 55.00),
(13070, 10942, 7, 1, 55.00),
(13071, 10943, 7, 1, 55.00),
(13072, 10944, 7, 1, 55.00),
(13073, 10945, 7, 1, 55.00),
(13074, 10946, 7, 1, 55.00),
(13075, 10947, 7, 1, 55.00),
(13076, 10948, 7, 1, 55.00),
(13077, 10949, 7, 1, 55.00),
(13078, 10950, 7, 1, 55.00),
(13079, 10971, 7, 1, 55.00),
(13080, 10972, 7, 1, 55.00),
(13081, 10973, 7, 1, 55.00),
(13082, 10974, 7, 1, 55.00),
(13083, 10975, 7, 1, 55.00),
(13084, 10976, 7, 1, 55.00),
(13085, 10977, 7, 1, 55.00),
(13086, 10978, 7, 1, 55.00),
(13087, 10979, 7, 1, 55.00),
(13088, 10980, 7, 1, 55.00),
(13089, 11001, 7, 1, 55.00),
(13090, 11002, 7, 1, 55.00),
(13091, 11003, 7, 1, 55.00),
(13092, 11004, 7, 1, 55.00),
(13093, 11005, 7, 1, 55.00),
(13094, 11006, 7, 1, 55.00),
(13095, 11007, 7, 1, 55.00),
(13096, 11008, 7, 1, 55.00),
(13097, 11009, 7, 1, 55.00),
(13098, 11010, 7, 1, 55.00),
(13099, 11031, 7, 1, 55.00),
(13100, 11032, 7, 1, 55.00),
(13101, 11033, 7, 1, 55.00),
(13102, 11034, 7, 1, 55.00),
(13103, 11035, 7, 1, 55.00),
(13104, 11036, 7, 1, 55.00),
(13105, 11037, 7, 1, 55.00),
(13106, 11038, 7, 1, 55.00),
(13107, 11039, 7, 1, 55.00),
(13108, 11040, 7, 1, 55.00),
(13109, 11061, 7, 1, 55.00),
(13110, 11062, 7, 1, 55.00),
(13111, 11063, 7, 1, 55.00),
(13112, 11064, 7, 1, 55.00),
(13113, 11065, 7, 1, 55.00),
(13114, 11066, 7, 1, 55.00),
(13115, 11067, 7, 1, 55.00),
(13116, 11068, 7, 1, 55.00),
(13117, 11069, 7, 1, 55.00),
(13118, 11070, 7, 1, 55.00),
(13119, 11091, 7, 1, 55.00),
(13120, 11092, 7, 1, 55.00),
(13121, 11093, 7, 1, 55.00),
(13122, 11094, 7, 1, 55.00),
(13123, 11095, 7, 1, 55.00),
(13124, 11096, 7, 1, 55.00),
(13125, 11097, 7, 1, 55.00),
(13126, 11098, 7, 1, 55.00),
(13127, 11099, 7, 1, 55.00),
(13128, 11100, 7, 1, 55.00),
(13129, 11121, 7, 1, 55.00),
(13130, 11122, 7, 1, 55.00),
(13131, 11123, 7, 1, 55.00),
(13132, 11124, 7, 1, 55.00),
(13133, 11125, 7, 1, 55.00),
(13134, 11126, 7, 1, 55.00),
(13135, 11127, 7, 1, 55.00),
(13136, 11128, 7, 1, 55.00),
(13137, 11129, 7, 1, 55.00),
(13138, 11130, 7, 1, 55.00),
(13139, 11151, 7, 1, 55.00),
(13140, 11152, 7, 1, 55.00),
(13141, 11153, 7, 1, 55.00),
(13142, 11154, 7, 1, 55.00),
(13143, 11155, 7, 1, 55.00),
(13144, 11156, 7, 1, 55.00),
(13145, 11157, 7, 1, 55.00),
(13146, 11158, 7, 1, 55.00),
(13147, 11159, 7, 1, 55.00),
(13148, 11160, 7, 1, 55.00),
(13149, 11181, 7, 1, 55.00),
(13150, 11182, 7, 1, 55.00),
(13151, 11183, 7, 1, 55.00),
(13152, 11184, 7, 1, 55.00),
(13153, 11185, 7, 1, 55.00),
(13154, 11186, 7, 1, 55.00),
(13155, 11187, 7, 1, 55.00),
(13156, 11188, 7, 1, 55.00),
(13157, 11189, 7, 1, 55.00),
(13158, 11190, 7, 1, 55.00),
(13159, 11211, 7, 1, 55.00),
(13160, 11212, 7, 1, 55.00),
(13161, 11213, 7, 1, 55.00),
(13162, 11214, 7, 1, 55.00),
(13163, 11215, 7, 1, 55.00),
(13164, 11216, 7, 1, 55.00),
(13165, 11217, 7, 1, 55.00),
(13166, 11218, 7, 1, 55.00),
(13167, 11219, 7, 1, 55.00),
(13168, 11220, 7, 1, 55.00),
(13169, 11241, 7, 1, 55.00),
(13170, 11242, 7, 1, 55.00),
(13171, 11243, 7, 1, 55.00),
(13172, 11244, 7, 1, 55.00),
(13173, 11245, 7, 1, 55.00),
(13174, 11246, 7, 1, 55.00),
(13175, 11247, 7, 1, 55.00),
(13176, 11248, 7, 1, 55.00),
(13177, 11249, 7, 1, 55.00),
(13178, 11250, 7, 1, 55.00),
(13179, 11271, 7, 1, 55.00),
(13180, 11272, 7, 1, 55.00),
(13181, 11273, 7, 1, 55.00),
(13182, 11274, 7, 1, 55.00),
(13183, 11275, 7, 1, 55.00),
(13184, 11276, 7, 1, 55.00),
(13185, 11277, 7, 1, 55.00),
(13186, 11278, 7, 1, 55.00),
(13187, 11279, 7, 1, 55.00),
(13188, 11280, 7, 1, 55.00),
(13189, 11301, 7, 1, 55.00),
(13190, 11302, 7, 1, 55.00),
(13191, 11303, 7, 1, 55.00),
(13192, 11304, 7, 1, 55.00),
(13193, 11305, 7, 1, 55.00),
(13194, 11306, 7, 1, 55.00),
(13195, 11307, 7, 1, 55.00),
(13196, 11308, 7, 1, 55.00),
(13197, 11309, 7, 1, 55.00),
(13198, 11310, 7, 1, 55.00),
(13199, 11331, 7, 1, 55.00),
(13200, 11332, 7, 1, 55.00),
(13201, 11333, 7, 1, 55.00),
(13202, 11334, 7, 1, 55.00),
(13203, 11335, 7, 1, 55.00),
(13204, 11336, 7, 1, 55.00),
(13205, 11337, 7, 1, 55.00),
(13206, 11338, 7, 1, 55.00),
(13207, 11339, 7, 1, 55.00),
(13208, 11340, 7, 1, 55.00),
(13209, 11361, 7, 1, 55.00),
(13210, 11362, 7, 1, 55.00),
(13211, 11363, 7, 1, 55.00),
(13212, 11364, 7, 1, 55.00),
(13213, 11365, 7, 1, 55.00),
(13214, 11366, 7, 1, 55.00),
(13215, 11367, 7, 1, 55.00),
(13216, 11368, 7, 1, 55.00),
(13217, 11369, 7, 1, 55.00),
(13218, 11370, 7, 1, 55.00),
(13219, 11391, 7, 1, 55.00),
(13220, 11392, 7, 1, 55.00),
(13221, 11393, 7, 1, 55.00),
(13222, 11394, 7, 1, 55.00),
(13223, 11395, 7, 1, 55.00),
(13224, 11396, 7, 1, 55.00),
(13225, 11397, 7, 1, 55.00),
(13226, 11398, 7, 1, 55.00),
(13227, 11399, 7, 1, 55.00),
(13228, 11400, 7, 1, 55.00),
(13229, 11421, 7, 1, 55.00),
(13230, 11422, 7, 1, 55.00),
(13231, 11423, 7, 1, 55.00),
(13232, 11424, 7, 1, 55.00),
(13233, 11425, 7, 1, 55.00),
(13234, 11426, 7, 1, 55.00),
(13235, 11427, 7, 1, 55.00),
(13236, 11428, 7, 1, 55.00),
(13237, 11429, 7, 1, 55.00),
(13238, 11430, 7, 1, 55.00),
(13239, 11451, 7, 1, 55.00),
(13240, 11452, 7, 1, 55.00),
(13241, 11453, 7, 1, 55.00),
(13242, 11454, 7, 1, 55.00),
(13243, 11455, 7, 1, 55.00),
(13244, 11456, 7, 1, 55.00),
(13245, 11457, 7, 1, 55.00),
(13246, 11458, 7, 1, 55.00),
(13247, 11459, 7, 1, 55.00),
(13248, 11460, 7, 1, 55.00),
(13249, 11481, 7, 1, 55.00),
(13250, 11482, 7, 1, 55.00),
(13251, 11483, 7, 1, 55.00),
(13252, 11484, 7, 1, 55.00),
(13253, 11485, 7, 1, 55.00),
(13254, 11486, 7, 1, 55.00),
(13255, 11487, 7, 1, 55.00),
(13256, 11488, 7, 1, 55.00),
(13257, 11489, 7, 1, 55.00),
(13258, 11490, 7, 1, 55.00),
(13259, 11511, 7, 1, 55.00),
(13260, 11512, 7, 1, 55.00),
(13261, 11513, 7, 1, 55.00),
(13262, 11514, 7, 1, 55.00),
(13263, 11515, 7, 1, 55.00),
(13264, 11516, 7, 1, 55.00),
(13265, 11517, 7, 1, 55.00),
(13266, 11518, 7, 1, 55.00),
(13267, 11519, 7, 1, 55.00),
(13268, 11520, 7, 1, 55.00),
(13269, 11541, 7, 1, 55.00),
(13270, 11542, 7, 1, 55.00),
(13271, 11543, 7, 1, 55.00),
(13272, 11544, 7, 1, 55.00),
(13273, 11545, 7, 1, 55.00),
(13274, 11546, 7, 1, 55.00),
(13275, 11547, 7, 1, 55.00),
(13276, 11548, 7, 1, 55.00),
(13277, 11549, 7, 1, 55.00),
(13278, 11550, 7, 1, 55.00),
(13279, 11571, 7, 1, 55.00),
(13280, 11572, 7, 1, 55.00),
(13281, 11573, 7, 1, 55.00),
(13282, 11574, 7, 1, 55.00),
(13283, 11575, 7, 1, 55.00),
(13284, 11576, 7, 1, 55.00),
(13285, 11577, 7, 1, 55.00),
(13286, 11578, 7, 1, 55.00),
(13287, 11579, 7, 1, 55.00),
(13288, 11580, 7, 1, 55.00),
(13289, 11601, 7, 1, 55.00),
(13290, 11602, 7, 1, 55.00),
(13291, 11603, 7, 1, 55.00),
(13292, 11604, 7, 1, 55.00),
(13293, 11605, 7, 1, 55.00),
(13294, 11606, 7, 1, 55.00),
(13295, 11607, 7, 1, 55.00),
(13296, 11608, 7, 1, 55.00),
(13297, 11609, 7, 1, 55.00),
(13298, 11610, 7, 1, 55.00),
(13299, 11631, 7, 1, 55.00),
(13300, 11632, 7, 1, 55.00),
(13301, 11633, 7, 1, 55.00),
(13302, 11634, 7, 1, 55.00),
(13303, 11635, 7, 1, 55.00),
(13304, 11636, 7, 1, 55.00),
(13305, 11637, 7, 1, 55.00),
(13306, 11638, 7, 1, 55.00),
(13307, 11639, 7, 1, 55.00),
(13308, 11640, 7, 1, 55.00),
(13309, 11661, 7, 1, 55.00),
(13310, 11662, 7, 1, 55.00),
(13311, 11663, 7, 1, 55.00),
(13312, 11664, 7, 1, 55.00),
(13313, 11665, 7, 1, 55.00),
(13314, 11666, 7, 1, 55.00),
(13315, 11667, 7, 1, 55.00),
(13316, 11668, 7, 1, 55.00),
(13317, 11669, 7, 1, 55.00),
(13318, 11670, 7, 1, 55.00),
(13319, 11691, 7, 1, 55.00),
(13320, 11692, 7, 1, 55.00),
(13321, 11693, 7, 1, 55.00),
(13322, 11694, 7, 1, 55.00),
(13323, 11695, 7, 1, 55.00),
(13324, 11696, 7, 1, 55.00),
(13325, 11697, 7, 1, 55.00),
(13326, 11698, 7, 1, 55.00),
(13327, 11699, 7, 1, 55.00),
(13328, 11700, 7, 1, 55.00),
(13329, 11721, 7, 1, 55.00),
(13330, 11722, 7, 1, 55.00),
(13331, 11723, 7, 1, 55.00),
(13332, 11724, 7, 1, 55.00),
(13333, 11725, 7, 1, 55.00),
(13334, 11726, 7, 1, 55.00),
(13335, 11727, 7, 1, 55.00),
(13336, 11728, 7, 1, 55.00),
(13337, 11729, 7, 1, 55.00),
(13338, 11730, 7, 1, 55.00),
(13339, 11751, 7, 1, 55.00),
(13340, 11752, 7, 1, 55.00),
(13341, 11753, 7, 1, 55.00),
(13342, 11754, 7, 1, 55.00),
(13343, 11755, 7, 1, 55.00),
(13344, 11756, 7, 1, 55.00),
(13345, 11757, 7, 1, 55.00),
(13346, 11758, 7, 1, 55.00),
(13347, 11759, 7, 1, 55.00),
(13348, 11760, 7, 1, 55.00),
(13349, 11781, 7, 1, 55.00),
(13350, 11782, 7, 1, 55.00),
(13351, 11783, 7, 1, 55.00),
(13352, 11784, 7, 1, 55.00),
(13353, 11785, 7, 1, 55.00),
(13354, 11786, 7, 1, 55.00),
(13355, 11787, 7, 1, 55.00),
(13356, 11788, 7, 1, 55.00),
(13357, 11789, 7, 1, 55.00),
(13358, 11790, 7, 1, 55.00),
(13359, 11811, 7, 1, 55.00),
(13360, 11812, 7, 1, 55.00),
(13361, 11813, 7, 1, 55.00),
(13362, 11814, 7, 1, 55.00),
(13363, 11815, 7, 1, 55.00),
(13364, 11816, 7, 1, 55.00),
(13365, 11817, 7, 1, 55.00),
(13366, 11818, 7, 1, 55.00),
(13367, 11819, 7, 1, 55.00),
(13368, 11820, 7, 1, 55.00),
(13369, 11841, 7, 1, 55.00),
(13370, 11842, 7, 1, 55.00),
(13371, 11843, 7, 1, 55.00),
(13372, 11844, 7, 1, 55.00),
(13373, 11845, 7, 1, 55.00),
(13374, 11846, 7, 1, 55.00),
(13375, 11847, 7, 1, 55.00),
(13376, 11848, 7, 1, 55.00),
(13377, 11849, 7, 1, 55.00),
(13378, 11850, 7, 1, 55.00),
(13379, 11871, 7, 1, 55.00),
(13380, 11872, 7, 1, 55.00),
(13381, 11873, 7, 1, 55.00),
(13382, 11874, 7, 1, 55.00),
(13383, 11875, 7, 1, 55.00),
(13384, 11876, 7, 1, 55.00),
(13385, 11877, 7, 1, 55.00),
(13386, 11878, 7, 1, 55.00),
(13387, 11879, 7, 1, 55.00),
(13388, 11880, 7, 1, 55.00),
(13939, 10251, 9, 1, 55.00),
(13940, 10252, 9, 1, 55.00),
(13941, 10253, 9, 1, 55.00),
(13942, 10254, 9, 1, 55.00),
(13943, 10255, 9, 1, 55.00),
(13944, 10256, 9, 1, 55.00),
(13945, 10257, 9, 1, 55.00),
(13946, 10258, 9, 1, 55.00),
(13947, 10259, 9, 1, 55.00),
(13948, 10260, 9, 1, 55.00),
(13949, 10281, 9, 1, 55.00),
(13950, 10282, 9, 1, 55.00),
(13951, 10283, 9, 1, 55.00),
(13952, 10284, 9, 1, 55.00),
(13953, 10285, 9, 1, 55.00),
(13954, 10286, 9, 1, 55.00),
(13955, 10287, 9, 1, 55.00),
(13956, 10288, 9, 1, 55.00),
(13957, 10289, 9, 1, 55.00),
(13958, 10290, 9, 1, 55.00),
(13959, 10311, 9, 1, 55.00),
(13960, 10312, 9, 1, 55.00),
(13961, 10313, 9, 1, 55.00),
(13962, 10314, 9, 1, 55.00),
(13963, 10315, 9, 1, 55.00),
(13964, 10316, 9, 1, 55.00),
(13965, 10317, 9, 1, 55.00),
(13966, 10318, 9, 1, 55.00),
(13967, 10319, 9, 1, 55.00),
(13968, 10320, 9, 1, 55.00),
(13969, 10341, 9, 1, 55.00),
(13970, 10342, 9, 1, 55.00),
(13971, 10343, 9, 1, 55.00),
(13972, 10344, 9, 1, 55.00),
(13973, 10345, 9, 1, 55.00),
(13974, 10346, 9, 1, 55.00),
(13975, 10347, 9, 1, 55.00),
(13976, 10348, 9, 1, 55.00),
(13977, 10349, 9, 1, 55.00),
(13978, 10350, 9, 1, 55.00),
(13979, 10371, 9, 1, 55.00),
(13980, 10372, 9, 1, 55.00),
(13981, 10373, 9, 1, 55.00),
(13982, 10374, 9, 1, 55.00),
(13983, 10375, 9, 1, 55.00),
(13984, 10376, 9, 1, 55.00),
(13985, 10377, 9, 1, 55.00),
(13986, 10378, 9, 1, 55.00),
(13987, 10379, 9, 1, 55.00),
(13988, 10380, 9, 1, 55.00),
(13989, 10401, 9, 1, 55.00),
(13990, 10402, 9, 1, 55.00),
(13991, 10403, 9, 1, 55.00),
(13992, 10404, 9, 1, 55.00),
(13993, 10405, 9, 1, 55.00),
(13994, 10406, 9, 1, 55.00),
(13995, 10407, 9, 1, 55.00),
(13996, 10408, 9, 1, 55.00),
(13997, 10409, 9, 1, 55.00),
(13998, 10410, 9, 1, 55.00),
(13999, 10431, 9, 1, 55.00),
(14000, 10432, 9, 1, 55.00),
(14001, 10433, 9, 1, 55.00),
(14002, 10434, 9, 1, 55.00),
(14003, 10435, 9, 1, 55.00),
(14004, 10436, 9, 1, 55.00),
(14005, 10437, 9, 1, 55.00),
(14006, 10438, 9, 1, 55.00),
(14007, 10439, 9, 1, 55.00),
(14008, 10440, 9, 1, 55.00),
(14009, 10461, 9, 1, 55.00),
(14010, 10462, 9, 1, 55.00),
(14011, 10463, 9, 1, 55.00),
(14012, 10464, 9, 1, 55.00),
(14013, 10465, 9, 1, 55.00),
(14014, 10466, 9, 1, 55.00),
(14015, 10467, 9, 1, 55.00),
(14016, 10468, 9, 1, 55.00),
(14017, 10469, 9, 1, 55.00),
(14018, 10470, 9, 1, 55.00),
(14019, 10491, 9, 1, 55.00),
(14020, 10492, 9, 1, 55.00),
(14021, 10493, 9, 1, 55.00),
(14022, 10494, 9, 1, 55.00),
(14023, 10495, 9, 1, 55.00),
(14024, 10496, 9, 1, 55.00),
(14025, 10497, 9, 1, 55.00),
(14026, 10498, 9, 1, 55.00),
(14027, 10499, 9, 1, 55.00),
(14028, 10500, 9, 1, 55.00),
(14029, 10521, 9, 1, 55.00),
(14030, 10522, 9, 1, 55.00),
(14031, 10523, 9, 1, 55.00),
(14032, 10524, 9, 1, 55.00),
(14033, 10525, 9, 1, 55.00),
(14034, 10526, 9, 1, 55.00),
(14035, 10527, 9, 1, 55.00),
(14036, 10528, 9, 1, 55.00),
(14037, 10529, 9, 1, 55.00),
(14038, 10530, 9, 1, 55.00),
(14039, 10551, 9, 1, 55.00),
(14040, 10552, 9, 1, 55.00),
(14041, 10553, 9, 1, 55.00),
(14042, 10554, 9, 1, 55.00),
(14043, 10555, 9, 1, 55.00),
(14044, 10556, 9, 1, 55.00),
(14045, 10557, 9, 1, 55.00),
(14046, 10558, 9, 1, 55.00),
(14047, 10559, 9, 1, 55.00),
(14048, 10560, 9, 1, 55.00),
(14049, 10581, 9, 1, 55.00),
(14050, 10582, 9, 1, 55.00),
(14051, 10583, 9, 1, 55.00),
(14052, 10584, 9, 1, 55.00),
(14053, 10585, 9, 1, 55.00),
(14054, 10586, 9, 1, 55.00),
(14055, 10587, 9, 1, 55.00),
(14056, 10588, 9, 1, 55.00),
(14057, 10589, 9, 1, 55.00),
(14058, 10590, 9, 1, 55.00),
(14059, 10611, 9, 1, 55.00),
(14060, 10612, 9, 1, 55.00),
(14061, 10613, 9, 1, 55.00),
(14062, 10614, 9, 1, 55.00),
(14063, 10615, 9, 1, 55.00),
(14064, 10616, 9, 1, 55.00),
(14065, 10617, 9, 1, 55.00),
(14066, 10618, 9, 1, 55.00),
(14067, 10619, 9, 1, 55.00),
(14068, 10620, 9, 1, 55.00),
(14069, 10641, 9, 1, 55.00),
(14070, 10642, 9, 1, 55.00),
(14071, 10643, 9, 1, 55.00),
(14072, 10644, 9, 1, 55.00),
(14073, 10645, 9, 1, 55.00),
(14074, 10646, 9, 1, 55.00),
(14075, 10647, 9, 1, 55.00),
(14076, 10648, 9, 1, 55.00),
(14077, 10649, 9, 1, 55.00),
(14078, 10650, 9, 1, 55.00),
(14079, 10671, 9, 1, 55.00),
(14080, 10672, 9, 1, 55.00),
(14081, 10673, 9, 1, 55.00),
(14082, 10674, 9, 1, 55.00),
(14083, 10675, 9, 1, 55.00),
(14084, 10676, 9, 1, 55.00),
(14085, 10677, 9, 1, 55.00),
(14086, 10678, 9, 1, 55.00),
(14087, 10679, 9, 1, 55.00),
(14088, 10680, 9, 1, 55.00),
(14089, 10701, 9, 1, 55.00),
(14090, 10702, 9, 1, 55.00),
(14091, 10703, 9, 1, 55.00),
(14092, 10704, 9, 1, 55.00),
(14093, 10705, 9, 1, 55.00),
(14094, 10706, 9, 1, 55.00),
(14095, 10707, 9, 1, 55.00),
(14096, 10708, 9, 1, 55.00),
(14097, 10709, 9, 1, 55.00),
(14098, 10710, 9, 1, 55.00),
(14099, 10731, 9, 1, 55.00),
(14100, 10732, 9, 1, 55.00),
(14101, 10733, 9, 1, 55.00),
(14102, 10734, 9, 1, 55.00),
(14103, 10735, 9, 1, 55.00),
(14104, 10736, 9, 1, 55.00),
(14105, 10737, 9, 1, 55.00),
(14106, 10738, 9, 1, 55.00),
(14107, 10739, 9, 1, 55.00),
(14108, 10740, 9, 1, 55.00),
(14109, 10761, 9, 1, 55.00),
(14110, 10762, 9, 1, 55.00),
(14111, 10763, 9, 1, 55.00),
(14112, 10764, 9, 1, 55.00),
(14113, 10765, 9, 1, 55.00),
(14114, 10766, 9, 1, 55.00),
(14115, 10767, 9, 1, 55.00),
(14116, 10768, 9, 1, 55.00),
(14117, 10769, 9, 1, 55.00),
(14118, 10770, 9, 1, 55.00),
(14119, 10791, 9, 1, 55.00),
(14120, 10792, 9, 1, 55.00),
(14121, 10793, 9, 1, 55.00),
(14122, 10794, 9, 1, 55.00),
(14123, 10795, 9, 1, 55.00),
(14124, 10796, 9, 1, 55.00),
(14125, 10797, 9, 1, 55.00),
(14126, 10798, 9, 1, 55.00),
(14127, 10799, 9, 1, 55.00),
(14128, 10800, 9, 1, 55.00),
(14129, 10821, 9, 1, 55.00),
(14130, 10822, 9, 1, 55.00),
(14131, 10823, 9, 1, 55.00),
(14132, 10824, 9, 1, 55.00),
(14133, 10825, 9, 1, 55.00),
(14134, 10826, 9, 1, 55.00),
(14135, 10827, 9, 1, 55.00),
(14136, 10828, 9, 1, 55.00),
(14137, 10829, 9, 1, 55.00),
(14138, 10830, 9, 1, 55.00),
(14139, 10851, 9, 1, 55.00),
(14140, 10852, 9, 1, 55.00),
(14141, 10853, 9, 1, 55.00),
(14142, 10854, 9, 1, 55.00),
(14143, 10855, 9, 1, 55.00),
(14144, 10856, 9, 1, 55.00),
(14145, 10857, 9, 1, 55.00),
(14146, 10858, 9, 1, 55.00),
(14147, 10859, 9, 1, 55.00),
(14148, 10860, 9, 1, 55.00),
(14149, 10881, 9, 1, 55.00),
(14150, 10882, 9, 1, 55.00),
(14151, 10883, 9, 1, 55.00),
(14152, 10884, 9, 1, 55.00),
(14153, 10885, 9, 1, 55.00),
(14154, 10886, 9, 1, 55.00),
(14155, 10887, 9, 1, 55.00),
(14156, 10888, 9, 1, 55.00),
(14157, 10889, 9, 1, 55.00),
(14158, 10890, 9, 1, 55.00),
(14159, 10911, 9, 1, 55.00),
(14160, 10912, 9, 1, 55.00),
(14161, 10913, 9, 1, 55.00),
(14162, 10914, 9, 1, 55.00),
(14163, 10915, 9, 1, 55.00),
(14164, 10916, 9, 1, 55.00),
(14165, 10917, 9, 1, 55.00),
(14166, 10918, 9, 1, 55.00),
(14167, 10919, 9, 1, 55.00),
(14168, 10920, 9, 1, 55.00),
(14169, 10941, 9, 1, 55.00),
(14170, 10942, 9, 1, 55.00),
(14171, 10943, 9, 1, 55.00),
(14172, 10944, 9, 1, 55.00),
(14173, 10945, 9, 1, 55.00),
(14174, 10946, 9, 1, 55.00),
(14175, 10947, 9, 1, 55.00),
(14176, 10948, 9, 1, 55.00),
(14177, 10949, 9, 1, 55.00),
(14178, 10950, 9, 1, 55.00),
(14179, 10971, 9, 1, 55.00),
(14180, 10972, 9, 1, 55.00),
(14181, 10973, 9, 1, 55.00),
(14182, 10974, 9, 1, 55.00),
(14183, 10975, 9, 1, 55.00),
(14184, 10976, 9, 1, 55.00),
(14185, 10977, 9, 1, 55.00),
(14186, 10978, 9, 1, 55.00),
(14187, 10979, 9, 1, 55.00),
(14188, 10980, 9, 1, 55.00),
(14189, 11001, 9, 1, 55.00),
(14190, 11002, 9, 1, 55.00),
(14191, 11003, 9, 1, 55.00),
(14192, 11004, 9, 1, 55.00),
(14193, 11005, 9, 1, 55.00),
(14194, 11006, 9, 1, 55.00),
(14195, 11007, 9, 1, 55.00),
(14196, 11008, 9, 1, 55.00),
(14197, 11009, 9, 1, 55.00),
(14198, 11010, 9, 1, 55.00),
(14199, 11031, 9, 1, 55.00),
(14200, 11032, 9, 1, 55.00),
(14201, 11033, 9, 1, 55.00),
(14202, 11034, 9, 1, 55.00),
(14203, 11035, 9, 1, 55.00),
(14204, 11036, 9, 1, 55.00),
(14205, 11037, 9, 1, 55.00),
(14206, 11038, 9, 1, 55.00),
(14207, 11039, 9, 1, 55.00),
(14208, 11040, 9, 1, 55.00),
(14209, 11061, 9, 1, 55.00),
(14210, 11062, 9, 1, 55.00),
(14211, 11063, 9, 1, 55.00),
(14212, 11064, 9, 1, 55.00),
(14213, 11065, 9, 1, 55.00),
(14214, 11066, 9, 1, 55.00),
(14215, 11067, 9, 1, 55.00),
(14216, 11068, 9, 1, 55.00),
(14217, 11069, 9, 1, 55.00),
(14218, 11070, 9, 1, 55.00),
(14219, 11091, 9, 1, 55.00),
(14220, 11092, 9, 1, 55.00),
(14221, 11093, 9, 1, 55.00),
(14222, 11094, 9, 1, 55.00),
(14223, 11095, 9, 1, 55.00),
(14224, 11096, 9, 1, 55.00),
(14225, 11097, 9, 1, 55.00),
(14226, 11098, 9, 1, 55.00),
(14227, 11099, 9, 1, 55.00),
(14228, 11100, 9, 1, 55.00),
(14229, 11121, 9, 1, 55.00),
(14230, 11122, 9, 1, 55.00),
(14231, 11123, 9, 1, 55.00),
(14232, 11124, 9, 1, 55.00),
(14233, 11125, 9, 1, 55.00),
(14234, 11126, 9, 1, 55.00),
(14235, 11127, 9, 1, 55.00),
(14236, 11128, 9, 1, 55.00),
(14237, 11129, 9, 1, 55.00),
(14238, 11130, 9, 1, 55.00),
(14239, 11151, 9, 1, 55.00),
(14240, 11152, 9, 1, 55.00),
(14241, 11153, 9, 1, 55.00),
(14242, 11154, 9, 1, 55.00),
(14243, 11155, 9, 1, 55.00),
(14244, 11156, 9, 1, 55.00),
(14245, 11157, 9, 1, 55.00),
(14246, 11158, 9, 1, 55.00),
(14247, 11159, 9, 1, 55.00),
(14248, 11160, 9, 1, 55.00),
(14249, 11181, 9, 1, 55.00),
(14250, 11182, 9, 1, 55.00),
(14251, 11183, 9, 1, 55.00),
(14252, 11184, 9, 1, 55.00),
(14253, 11185, 9, 1, 55.00),
(14254, 11186, 9, 1, 55.00),
(14255, 11187, 9, 1, 55.00),
(14256, 11188, 9, 1, 55.00),
(14257, 11189, 9, 1, 55.00),
(14258, 11190, 9, 1, 55.00),
(14259, 11211, 9, 1, 55.00),
(14260, 11212, 9, 1, 55.00),
(14261, 11213, 9, 1, 55.00),
(14262, 11214, 9, 1, 55.00),
(14263, 11215, 9, 1, 55.00),
(14264, 11216, 9, 1, 55.00),
(14265, 11217, 9, 1, 55.00),
(14266, 11218, 9, 1, 55.00),
(14267, 11219, 9, 1, 55.00),
(14268, 11220, 9, 1, 55.00),
(14269, 11241, 9, 1, 55.00),
(14270, 11242, 9, 1, 55.00),
(14271, 11243, 9, 1, 55.00),
(14272, 11244, 9, 1, 55.00),
(14273, 11245, 9, 1, 55.00),
(14274, 11246, 9, 1, 55.00),
(14275, 11247, 9, 1, 55.00),
(14276, 11248, 9, 1, 55.00),
(14277, 11249, 9, 1, 55.00),
(14278, 11250, 9, 1, 55.00),
(14279, 11271, 9, 1, 55.00),
(14280, 11272, 9, 1, 55.00),
(14281, 11273, 9, 1, 55.00),
(14282, 11274, 9, 1, 55.00),
(14283, 11275, 9, 1, 55.00),
(14284, 11276, 9, 1, 55.00),
(14285, 11277, 9, 1, 55.00),
(14286, 11278, 9, 1, 55.00),
(14287, 11279, 9, 1, 55.00),
(14288, 11280, 9, 1, 55.00),
(14289, 11301, 9, 1, 55.00),
(14290, 11302, 9, 1, 55.00),
(14291, 11303, 9, 1, 55.00),
(14292, 11304, 9, 1, 55.00),
(14293, 11305, 9, 1, 55.00),
(14294, 11306, 9, 1, 55.00),
(14295, 11307, 9, 1, 55.00),
(14296, 11308, 9, 1, 55.00),
(14297, 11309, 9, 1, 55.00),
(14298, 11310, 9, 1, 55.00),
(14299, 11331, 9, 1, 55.00),
(14300, 11332, 9, 1, 55.00),
(14301, 11333, 9, 1, 55.00),
(14302, 11334, 9, 1, 55.00),
(14303, 11335, 9, 1, 55.00),
(14304, 11336, 9, 1, 55.00),
(14305, 11337, 9, 1, 55.00),
(14306, 11338, 9, 1, 55.00),
(14307, 11339, 9, 1, 55.00),
(14308, 11340, 9, 1, 55.00),
(14309, 11361, 9, 1, 55.00),
(14310, 11362, 9, 1, 55.00),
(14311, 11363, 9, 1, 55.00),
(14312, 11364, 9, 1, 55.00),
(14313, 11365, 9, 1, 55.00),
(14314, 11366, 9, 1, 55.00),
(14315, 11367, 9, 1, 55.00),
(14316, 11368, 9, 1, 55.00),
(14317, 11369, 9, 1, 55.00),
(14318, 11370, 9, 1, 55.00),
(14319, 11391, 9, 1, 55.00),
(14320, 11392, 9, 1, 55.00),
(14321, 11393, 9, 1, 55.00),
(14322, 11394, 9, 1, 55.00),
(14323, 11395, 9, 1, 55.00),
(14324, 11396, 9, 1, 55.00),
(14325, 11397, 9, 1, 55.00),
(14326, 11398, 9, 1, 55.00),
(14327, 11399, 9, 1, 55.00),
(14328, 11400, 9, 1, 55.00),
(14329, 11421, 9, 1, 55.00),
(14330, 11422, 9, 1, 55.00),
(14331, 11423, 9, 1, 55.00),
(14332, 11424, 9, 1, 55.00),
(14333, 11425, 9, 1, 55.00),
(14334, 11426, 9, 1, 55.00),
(14335, 11427, 9, 1, 55.00),
(14336, 11428, 9, 1, 55.00),
(14337, 11429, 9, 1, 55.00),
(14338, 11430, 9, 1, 55.00),
(14339, 11451, 9, 1, 55.00),
(14340, 11452, 9, 1, 55.00),
(14341, 11453, 9, 1, 55.00),
(14342, 11454, 9, 1, 55.00),
(14343, 11455, 9, 1, 55.00),
(14344, 11456, 9, 1, 55.00),
(14345, 11457, 9, 1, 55.00),
(14346, 11458, 9, 1, 55.00),
(14347, 11459, 9, 1, 55.00),
(14348, 11460, 9, 1, 55.00),
(14349, 11481, 9, 1, 55.00),
(14350, 11482, 9, 1, 55.00),
(14351, 11483, 9, 1, 55.00),
(14352, 11484, 9, 1, 55.00),
(14353, 11485, 9, 1, 55.00),
(14354, 11486, 9, 1, 55.00),
(14355, 11487, 9, 1, 55.00),
(14356, 11488, 9, 1, 55.00),
(14357, 11489, 9, 1, 55.00),
(14358, 11490, 9, 1, 55.00),
(14359, 11511, 9, 1, 55.00),
(14360, 11512, 9, 1, 55.00),
(14361, 11513, 9, 1, 55.00),
(14362, 11514, 9, 1, 55.00),
(14363, 11515, 9, 1, 55.00),
(14364, 11516, 9, 1, 55.00),
(14365, 11517, 9, 1, 55.00),
(14366, 11518, 9, 1, 55.00),
(14367, 11519, 9, 1, 55.00),
(14368, 11520, 9, 1, 55.00),
(14369, 11541, 9, 1, 55.00),
(14370, 11542, 9, 1, 55.00),
(14371, 11543, 9, 1, 55.00),
(14372, 11544, 9, 1, 55.00),
(14373, 11545, 9, 1, 55.00),
(14374, 11546, 9, 1, 55.00),
(14375, 11547, 9, 1, 55.00),
(14376, 11548, 9, 1, 55.00),
(14377, 11549, 9, 1, 55.00),
(14378, 11550, 9, 1, 55.00),
(14379, 11571, 9, 1, 55.00),
(14380, 11572, 9, 1, 55.00),
(14381, 11573, 9, 1, 55.00),
(14382, 11574, 9, 1, 55.00),
(14383, 11575, 9, 1, 55.00),
(14384, 11576, 9, 1, 55.00),
(14385, 11577, 9, 1, 55.00),
(14386, 11578, 9, 1, 55.00),
(14387, 11579, 9, 1, 55.00),
(14388, 11580, 9, 1, 55.00),
(14389, 11601, 9, 1, 55.00),
(14390, 11602, 9, 1, 55.00),
(14391, 11603, 9, 1, 55.00),
(14392, 11604, 9, 1, 55.00),
(14393, 11605, 9, 1, 55.00),
(14394, 11606, 9, 1, 55.00),
(14395, 11607, 9, 1, 55.00),
(14396, 11608, 9, 1, 55.00),
(14397, 11609, 9, 1, 55.00),
(14398, 11610, 9, 1, 55.00),
(14399, 11631, 9, 1, 55.00),
(14400, 11632, 9, 1, 55.00),
(14401, 11633, 9, 1, 55.00),
(14402, 11634, 9, 1, 55.00),
(14403, 11635, 9, 1, 55.00),
(14404, 11636, 9, 1, 55.00),
(14405, 11637, 9, 1, 55.00),
(14406, 11638, 9, 1, 55.00),
(14407, 11639, 9, 1, 55.00),
(14408, 11640, 9, 1, 55.00),
(14409, 11661, 9, 1, 55.00),
(14410, 11662, 9, 1, 55.00),
(14411, 11663, 9, 1, 55.00),
(14412, 11664, 9, 1, 55.00),
(14413, 11665, 9, 1, 55.00),
(14414, 11666, 9, 1, 55.00),
(14415, 11667, 9, 1, 55.00),
(14416, 11668, 9, 1, 55.00),
(14417, 11669, 9, 1, 55.00),
(14418, 11670, 9, 1, 55.00),
(14419, 11691, 9, 1, 55.00),
(14420, 11692, 9, 1, 55.00),
(14421, 11693, 9, 1, 55.00),
(14422, 11694, 9, 1, 55.00),
(14423, 11695, 9, 1, 55.00),
(14424, 11696, 9, 1, 55.00),
(14425, 11697, 9, 1, 55.00),
(14426, 11698, 9, 1, 55.00),
(14427, 11699, 9, 1, 55.00),
(14428, 11700, 9, 1, 55.00),
(14429, 11721, 9, 1, 55.00),
(14430, 11722, 9, 1, 55.00),
(14431, 11723, 9, 1, 55.00),
(14432, 11724, 9, 1, 55.00),
(14433, 11725, 9, 1, 55.00),
(14434, 11726, 9, 1, 55.00),
(14435, 11727, 9, 1, 55.00),
(14436, 11728, 9, 1, 55.00),
(14437, 11729, 9, 1, 55.00),
(14438, 11730, 9, 1, 55.00),
(14439, 11751, 9, 1, 55.00),
(14440, 11752, 9, 1, 55.00),
(14441, 11753, 9, 1, 55.00),
(14442, 11754, 9, 1, 55.00),
(14443, 11755, 9, 1, 55.00),
(14444, 11756, 9, 1, 55.00),
(14445, 11757, 9, 1, 55.00),
(14446, 11758, 9, 1, 55.00),
(14447, 11759, 9, 1, 55.00),
(14448, 11760, 9, 1, 55.00),
(14449, 11781, 9, 1, 55.00),
(14450, 11782, 9, 1, 55.00),
(14451, 11783, 9, 1, 55.00),
(14452, 11784, 9, 1, 55.00),
(14453, 11785, 9, 1, 55.00),
(14454, 11786, 9, 1, 55.00),
(14455, 11787, 9, 1, 55.00),
(14456, 11788, 9, 1, 55.00),
(14457, 11789, 9, 1, 55.00),
(14458, 11790, 9, 1, 55.00),
(14459, 11811, 9, 1, 55.00),
(14460, 11812, 9, 1, 55.00),
(14461, 11813, 9, 1, 55.00),
(14462, 11814, 9, 1, 55.00),
(14463, 11815, 9, 1, 55.00),
(14464, 11816, 9, 1, 55.00),
(14465, 11817, 9, 1, 55.00),
(14466, 11818, 9, 1, 55.00),
(14467, 11819, 9, 1, 55.00),
(14468, 11820, 9, 1, 55.00),
(14469, 11841, 9, 1, 55.00),
(14470, 11842, 9, 1, 55.00),
(14471, 11843, 9, 1, 55.00),
(14472, 11844, 9, 1, 55.00),
(14473, 11845, 9, 1, 55.00),
(14474, 11846, 9, 1, 55.00),
(14475, 11847, 9, 1, 55.00),
(14476, 11848, 9, 1, 55.00),
(14477, 11849, 9, 1, 55.00),
(14478, 11850, 9, 1, 55.00),
(14479, 11871, 9, 1, 55.00),
(14480, 11872, 9, 1, 55.00),
(14481, 11873, 9, 1, 55.00),
(14482, 11874, 9, 1, 55.00),
(14483, 11875, 9, 1, 55.00),
(14484, 11876, 9, 1, 55.00),
(14485, 11877, 9, 1, 55.00),
(14486, 11878, 9, 1, 55.00),
(14487, 11879, 9, 1, 55.00),
(14488, 11880, 9, 1, 55.00),
(14489, 10261, 10, 1, 55.00),
(14490, 10262, 10, 1, 55.00),
(14491, 10263, 10, 1, 55.00),
(14492, 10264, 10, 1, 55.00),
(14493, 10265, 10, 1, 55.00),
(14494, 10266, 10, 1, 55.00),
(14495, 10267, 10, 1, 55.00),
(14496, 10268, 10, 1, 55.00),
(14497, 10269, 10, 1, 55.00),
(14498, 10270, 10, 1, 55.00),
(14499, 10291, 10, 1, 55.00),
(14500, 10292, 10, 1, 55.00),
(14501, 10293, 10, 1, 55.00),
(14502, 10294, 10, 1, 55.00),
(14503, 10295, 10, 1, 55.00),
(14504, 10296, 10, 1, 55.00),
(14505, 10297, 10, 1, 55.00),
(14506, 10298, 10, 1, 55.00),
(14507, 10299, 10, 1, 55.00),
(14508, 10300, 10, 1, 55.00),
(14509, 10321, 10, 1, 55.00),
(14510, 10322, 10, 1, 55.00),
(14511, 10323, 10, 1, 55.00),
(14512, 10324, 10, 1, 55.00),
(14513, 10325, 10, 1, 55.00),
(14514, 10326, 10, 1, 55.00),
(14515, 10327, 10, 1, 55.00),
(14516, 10328, 10, 1, 55.00),
(14517, 10329, 10, 1, 55.00),
(14518, 10330, 10, 1, 55.00),
(14519, 10351, 10, 1, 55.00),
(14520, 10352, 10, 1, 55.00),
(14521, 10353, 10, 1, 55.00),
(14522, 10354, 10, 1, 55.00),
(14523, 10355, 10, 1, 55.00),
(14524, 10356, 10, 1, 55.00),
(14525, 10357, 10, 1, 55.00),
(14526, 10358, 10, 1, 55.00),
(14527, 10359, 10, 1, 55.00),
(14528, 10360, 10, 1, 55.00),
(14529, 10381, 10, 1, 55.00),
(14530, 10382, 10, 1, 55.00),
(14531, 10383, 10, 1, 55.00),
(14532, 10384, 10, 1, 55.00),
(14533, 10385, 10, 1, 55.00),
(14534, 10386, 10, 1, 55.00),
(14535, 10387, 10, 1, 55.00),
(14536, 10388, 10, 1, 55.00),
(14537, 10389, 10, 1, 55.00),
(14538, 10390, 10, 1, 55.00),
(14539, 10411, 10, 1, 55.00),
(14540, 10412, 10, 1, 55.00),
(14541, 10413, 10, 1, 55.00),
(14542, 10414, 10, 1, 55.00),
(14543, 10415, 10, 1, 55.00),
(14544, 10416, 10, 1, 55.00),
(14545, 10417, 10, 1, 55.00),
(14546, 10418, 10, 1, 55.00),
(14547, 10419, 10, 1, 55.00),
(14548, 10420, 10, 1, 55.00),
(14549, 10441, 10, 1, 55.00),
(14550, 10442, 10, 1, 55.00),
(14551, 10443, 10, 1, 55.00),
(14552, 10444, 10, 1, 55.00),
(14553, 10445, 10, 1, 55.00),
(14554, 10446, 10, 1, 55.00),
(14555, 10447, 10, 1, 55.00),
(14556, 10448, 10, 1, 55.00),
(14557, 10449, 10, 1, 55.00),
(14558, 10450, 10, 1, 55.00),
(14559, 10471, 10, 1, 55.00),
(14560, 10472, 10, 1, 55.00),
(14561, 10473, 10, 1, 55.00),
(14562, 10474, 10, 1, 55.00),
(14563, 10475, 10, 1, 55.00),
(14564, 10476, 10, 1, 55.00),
(14565, 10477, 10, 1, 55.00),
(14566, 10478, 10, 1, 55.00),
(14567, 10479, 10, 1, 55.00),
(14568, 10480, 10, 1, 55.00),
(14569, 10501, 10, 1, 55.00),
(14570, 10502, 10, 1, 55.00),
(14571, 10503, 10, 1, 55.00),
(14572, 10504, 10, 1, 55.00),
(14573, 10505, 10, 1, 55.00),
(14574, 10506, 10, 1, 55.00),
(14575, 10507, 10, 1, 55.00),
(14576, 10508, 10, 1, 55.00),
(14577, 10509, 10, 1, 55.00),
(14578, 10510, 10, 1, 55.00),
(14579, 10531, 10, 1, 55.00),
(14580, 10532, 10, 1, 55.00),
(14581, 10533, 10, 1, 55.00),
(14582, 10534, 10, 1, 55.00),
(14583, 10535, 10, 1, 55.00),
(14584, 10536, 10, 1, 55.00),
(14585, 10537, 10, 1, 55.00),
(14586, 10538, 10, 1, 55.00),
(14587, 10539, 10, 1, 55.00),
(14588, 10540, 10, 1, 55.00),
(14589, 10561, 10, 1, 55.00),
(14590, 10562, 10, 1, 55.00),
(14591, 10563, 10, 1, 55.00),
(14592, 10564, 10, 1, 55.00),
(14593, 10565, 10, 1, 55.00),
(14594, 10566, 10, 1, 55.00),
(14595, 10567, 10, 1, 55.00),
(14596, 10568, 10, 1, 55.00),
(14597, 10569, 10, 1, 55.00),
(14598, 10570, 10, 1, 55.00),
(14599, 10591, 10, 1, 55.00),
(14600, 10592, 10, 1, 55.00),
(14601, 10593, 10, 1, 55.00),
(14602, 10594, 10, 1, 55.00),
(14603, 10595, 10, 1, 55.00),
(14604, 10596, 10, 1, 55.00),
(14605, 10597, 10, 1, 55.00),
(14606, 10598, 10, 1, 55.00),
(14607, 10599, 10, 1, 55.00),
(14608, 10600, 10, 1, 55.00),
(14609, 10621, 10, 1, 55.00),
(14610, 10622, 10, 1, 55.00),
(14611, 10623, 10, 1, 55.00),
(14612, 10624, 10, 1, 55.00),
(14613, 10625, 10, 1, 55.00),
(14614, 10626, 10, 1, 55.00),
(14615, 10627, 10, 1, 55.00),
(14616, 10628, 10, 1, 55.00),
(14617, 10629, 10, 1, 55.00),
(14618, 10630, 10, 1, 55.00),
(14619, 10651, 10, 1, 55.00),
(14620, 10652, 10, 1, 55.00),
(14621, 10653, 10, 1, 55.00),
(14622, 10654, 10, 1, 55.00),
(14623, 10655, 10, 1, 55.00),
(14624, 10656, 10, 1, 55.00),
(14625, 10657, 10, 1, 55.00),
(14626, 10658, 10, 1, 55.00),
(14627, 10659, 10, 1, 55.00),
(14628, 10660, 10, 1, 55.00),
(14629, 10681, 10, 1, 55.00),
(14630, 10682, 10, 1, 55.00),
(14631, 10683, 10, 1, 55.00),
(14632, 10684, 10, 1, 55.00),
(14633, 10685, 10, 1, 55.00),
(14634, 10686, 10, 1, 55.00),
(14635, 10687, 10, 1, 55.00),
(14636, 10688, 10, 1, 55.00),
(14637, 10689, 10, 1, 55.00),
(14638, 10690, 10, 1, 55.00),
(14639, 10711, 10, 1, 55.00),
(14640, 10712, 10, 1, 55.00),
(14641, 10713, 10, 1, 55.00),
(14642, 10714, 10, 1, 55.00),
(14643, 10715, 10, 1, 55.00),
(14644, 10716, 10, 1, 55.00),
(14645, 10717, 10, 1, 55.00),
(14646, 10718, 10, 1, 55.00),
(14647, 10719, 10, 1, 55.00),
(14648, 10720, 10, 1, 55.00),
(14649, 10741, 10, 1, 55.00),
(14650, 10742, 10, 1, 55.00),
(14651, 10743, 10, 1, 55.00),
(14652, 10744, 10, 1, 55.00),
(14653, 10745, 10, 1, 55.00),
(14654, 10746, 10, 1, 55.00),
(14655, 10747, 10, 1, 55.00),
(14656, 10748, 10, 1, 55.00),
(14657, 10749, 10, 1, 55.00),
(14658, 10750, 10, 1, 55.00),
(14659, 10771, 10, 1, 55.00),
(14660, 10772, 10, 1, 55.00),
(14661, 10773, 10, 1, 55.00),
(14662, 10774, 10, 1, 55.00),
(14663, 10775, 10, 1, 55.00),
(14664, 10776, 10, 1, 55.00),
(14665, 10777, 10, 1, 55.00),
(14666, 10778, 10, 1, 55.00),
(14667, 10779, 10, 1, 55.00),
(14668, 10780, 10, 1, 55.00),
(14669, 10801, 10, 1, 55.00),
(14670, 10802, 10, 1, 55.00),
(14671, 10803, 10, 1, 55.00),
(14672, 10804, 10, 1, 55.00),
(14673, 10805, 10, 1, 55.00),
(14674, 10806, 10, 1, 55.00),
(14675, 10807, 10, 1, 55.00),
(14676, 10808, 10, 1, 55.00),
(14677, 10809, 10, 1, 55.00),
(14678, 10810, 10, 1, 55.00),
(14679, 10831, 10, 1, 55.00),
(14680, 10832, 10, 1, 55.00),
(14681, 10833, 10, 1, 55.00),
(14682, 10834, 10, 1, 55.00),
(14683, 10835, 10, 1, 55.00),
(14684, 10836, 10, 1, 55.00),
(14685, 10837, 10, 1, 55.00),
(14686, 10838, 10, 1, 55.00),
(14687, 10839, 10, 1, 55.00),
(14688, 10840, 10, 1, 55.00),
(14689, 10861, 10, 1, 55.00),
(14690, 10862, 10, 1, 55.00),
(14691, 10863, 10, 1, 55.00),
(14692, 10864, 10, 1, 55.00),
(14693, 10865, 10, 1, 55.00),
(14694, 10866, 10, 1, 55.00),
(14695, 10867, 10, 1, 55.00),
(14696, 10868, 10, 1, 55.00),
(14697, 10869, 10, 1, 55.00),
(14698, 10870, 10, 1, 55.00),
(14699, 10891, 10, 1, 55.00),
(14700, 10892, 10, 1, 55.00),
(14701, 10893, 10, 1, 55.00),
(14702, 10894, 10, 1, 55.00),
(14703, 10895, 10, 1, 55.00),
(14704, 10896, 10, 1, 55.00),
(14705, 10897, 10, 1, 55.00),
(14706, 10898, 10, 1, 55.00),
(14707, 10899, 10, 1, 55.00),
(14708, 10900, 10, 1, 55.00),
(14709, 10921, 10, 1, 55.00),
(14710, 10922, 10, 1, 55.00),
(14711, 10923, 10, 1, 55.00),
(14712, 10924, 10, 1, 55.00),
(14713, 10925, 10, 1, 55.00),
(14714, 10926, 10, 1, 55.00),
(14715, 10927, 10, 1, 55.00),
(14716, 10928, 10, 1, 55.00),
(14717, 10929, 10, 1, 55.00),
(14718, 10930, 10, 1, 55.00),
(14719, 10951, 10, 1, 55.00),
(14720, 10952, 10, 1, 55.00),
(14721, 10953, 10, 1, 55.00),
(14722, 10954, 10, 1, 55.00),
(14723, 10955, 10, 1, 55.00),
(14724, 10956, 10, 1, 55.00),
(14725, 10957, 10, 1, 55.00),
(14726, 10958, 10, 1, 55.00),
(14727, 10959, 10, 1, 55.00),
(14728, 10960, 10, 1, 55.00),
(14729, 10981, 10, 1, 55.00),
(14730, 10982, 10, 1, 55.00),
(14731, 10983, 10, 1, 55.00),
(14732, 10984, 10, 1, 55.00),
(14733, 10985, 10, 1, 55.00),
(14734, 10986, 10, 1, 55.00),
(14735, 10987, 10, 1, 55.00),
(14736, 10988, 10, 1, 55.00),
(14737, 10989, 10, 1, 55.00),
(14738, 10990, 10, 1, 55.00),
(14739, 11011, 10, 1, 55.00),
(14740, 11012, 10, 1, 55.00),
(14741, 11013, 10, 1, 55.00),
(14742, 11014, 10, 1, 55.00),
(14743, 11015, 10, 1, 55.00),
(14744, 11016, 10, 1, 55.00),
(14745, 11017, 10, 1, 55.00),
(14746, 11018, 10, 1, 55.00),
(14747, 11019, 10, 1, 55.00),
(14748, 11020, 10, 1, 55.00),
(14749, 11041, 10, 1, 55.00),
(14750, 11042, 10, 1, 55.00),
(14751, 11043, 10, 1, 55.00),
(14752, 11044, 10, 1, 55.00),
(14753, 11045, 10, 1, 55.00),
(14754, 11046, 10, 1, 55.00),
(14755, 11047, 10, 1, 55.00),
(14756, 11048, 10, 1, 55.00),
(14757, 11049, 10, 1, 55.00),
(14758, 11050, 10, 1, 55.00),
(14759, 11071, 10, 1, 55.00),
(14760, 11072, 10, 1, 55.00),
(14761, 11073, 10, 1, 55.00),
(14762, 11074, 10, 1, 55.00),
(14763, 11075, 10, 1, 55.00),
(14764, 11076, 10, 1, 55.00),
(14765, 11077, 10, 1, 55.00),
(14766, 11078, 10, 1, 55.00),
(14767, 11079, 10, 1, 55.00),
(14768, 11080, 10, 1, 55.00),
(14769, 11101, 10, 1, 55.00),
(14770, 11102, 10, 1, 55.00),
(14771, 11103, 10, 1, 55.00),
(14772, 11104, 10, 1, 55.00),
(14773, 11105, 10, 1, 55.00),
(14774, 11106, 10, 1, 55.00),
(14775, 11107, 10, 1, 55.00),
(14776, 11108, 10, 1, 55.00),
(14777, 11109, 10, 1, 55.00),
(14778, 11110, 10, 1, 55.00),
(14779, 11131, 10, 1, 55.00),
(14780, 11132, 10, 1, 55.00),
(14781, 11133, 10, 1, 55.00),
(14782, 11134, 10, 1, 55.00),
(14783, 11135, 10, 1, 55.00),
(14784, 11136, 10, 1, 55.00),
(14785, 11137, 10, 1, 55.00),
(14786, 11138, 10, 1, 55.00),
(14787, 11139, 10, 1, 55.00),
(14788, 11140, 10, 1, 55.00),
(14789, 11161, 10, 1, 55.00),
(14790, 11162, 10, 1, 55.00),
(14791, 11163, 10, 1, 55.00),
(14792, 11164, 10, 1, 55.00),
(14793, 11165, 10, 1, 55.00),
(14794, 11166, 10, 1, 55.00),
(14795, 11167, 10, 1, 55.00),
(14796, 11168, 10, 1, 55.00),
(14797, 11169, 10, 1, 55.00),
(14798, 11170, 10, 1, 55.00),
(14799, 11191, 10, 1, 55.00),
(14800, 11192, 10, 1, 55.00),
(14801, 11193, 10, 1, 55.00),
(14802, 11194, 10, 1, 55.00),
(14803, 11195, 10, 1, 55.00),
(14804, 11196, 10, 1, 55.00),
(14805, 11197, 10, 1, 55.00),
(14806, 11198, 10, 1, 55.00),
(14807, 11199, 10, 1, 55.00),
(14808, 11200, 10, 1, 55.00),
(14809, 11221, 10, 1, 55.00),
(14810, 11222, 10, 1, 55.00),
(14811, 11223, 10, 1, 55.00),
(14812, 11224, 10, 1, 55.00),
(14813, 11225, 10, 1, 55.00),
(14814, 11226, 10, 1, 55.00),
(14815, 11227, 10, 1, 55.00),
(14816, 11228, 10, 1, 55.00),
(14817, 11229, 10, 1, 55.00),
(14818, 11230, 10, 1, 55.00),
(14819, 11251, 10, 1, 55.00),
(14820, 11252, 10, 1, 55.00),
(14821, 11253, 10, 1, 55.00),
(14822, 11254, 10, 1, 55.00),
(14823, 11255, 10, 1, 55.00),
(14824, 11256, 10, 1, 55.00),
(14825, 11257, 10, 1, 55.00),
(14826, 11258, 10, 1, 55.00),
(14827, 11259, 10, 1, 55.00),
(14828, 11260, 10, 1, 55.00),
(14829, 11281, 10, 1, 55.00),
(14830, 11282, 10, 1, 55.00),
(14831, 11283, 10, 1, 55.00),
(14832, 11284, 10, 1, 55.00),
(14833, 11285, 10, 1, 55.00),
(14834, 11286, 10, 1, 55.00),
(14835, 11287, 10, 1, 55.00),
(14836, 11288, 10, 1, 55.00),
(14837, 11289, 10, 1, 55.00),
(14838, 11290, 10, 1, 55.00),
(14839, 11311, 10, 1, 55.00),
(14840, 11312, 10, 1, 55.00),
(14841, 11313, 10, 1, 55.00),
(14842, 11314, 10, 1, 55.00),
(14843, 11315, 10, 1, 55.00),
(14844, 11316, 10, 1, 55.00),
(14845, 11317, 10, 1, 55.00),
(14846, 11318, 10, 1, 55.00),
(14847, 11319, 10, 1, 55.00),
(14848, 11320, 10, 1, 55.00),
(14849, 11341, 10, 1, 55.00),
(14850, 11342, 10, 1, 55.00),
(14851, 11343, 10, 1, 55.00),
(14852, 11344, 10, 1, 55.00),
(14853, 11345, 10, 1, 55.00),
(14854, 11346, 10, 1, 55.00),
(14855, 11347, 10, 1, 55.00),
(14856, 11348, 10, 1, 55.00),
(14857, 11349, 10, 1, 55.00),
(14858, 11350, 10, 1, 55.00),
(14859, 11371, 10, 1, 55.00),
(14860, 11372, 10, 1, 55.00),
(14861, 11373, 10, 1, 55.00),
(14862, 11374, 10, 1, 55.00),
(14863, 11375, 10, 1, 55.00),
(14864, 11376, 10, 1, 55.00),
(14865, 11377, 10, 1, 55.00),
(14866, 11378, 10, 1, 55.00),
(14867, 11379, 10, 1, 55.00),
(14868, 11380, 10, 1, 55.00),
(14869, 11401, 10, 1, 55.00),
(14870, 11402, 10, 1, 55.00),
(14871, 11403, 10, 1, 55.00),
(14872, 11404, 10, 1, 55.00),
(14873, 11405, 10, 1, 55.00),
(14874, 11406, 10, 1, 55.00),
(14875, 11407, 10, 1, 55.00),
(14876, 11408, 10, 1, 55.00),
(14877, 11409, 10, 1, 55.00),
(14878, 11410, 10, 1, 55.00),
(14879, 11431, 10, 1, 55.00),
(14880, 11432, 10, 1, 55.00),
(14881, 11433, 10, 1, 55.00),
(14882, 11434, 10, 1, 55.00),
(14883, 11435, 10, 1, 55.00),
(14884, 11436, 10, 1, 55.00),
(14885, 11437, 10, 1, 55.00),
(14886, 11438, 10, 1, 55.00),
(14887, 11439, 10, 1, 55.00),
(14888, 11440, 10, 1, 55.00),
(14889, 11461, 10, 1, 55.00),
(14890, 11462, 10, 1, 55.00),
(14891, 11463, 10, 1, 55.00),
(14892, 11464, 10, 1, 55.00),
(14893, 11465, 10, 1, 55.00),
(14894, 11466, 10, 1, 55.00),
(14895, 11467, 10, 1, 55.00),
(14896, 11468, 10, 1, 55.00),
(14897, 11469, 10, 1, 55.00),
(14898, 11470, 10, 1, 55.00),
(14899, 11491, 10, 1, 55.00),
(14900, 11492, 10, 1, 55.00),
(14901, 11493, 10, 1, 55.00),
(14902, 11494, 10, 1, 55.00),
(14903, 11495, 10, 1, 55.00),
(14904, 11496, 10, 1, 55.00),
(14905, 11497, 10, 1, 55.00),
(14906, 11498, 10, 1, 55.00),
(14907, 11499, 10, 1, 55.00),
(14908, 11500, 10, 1, 55.00),
(14909, 11521, 10, 1, 55.00),
(14910, 11522, 10, 1, 55.00),
(14911, 11523, 10, 1, 55.00),
(14912, 11524, 10, 1, 55.00),
(14913, 11525, 10, 1, 55.00),
(14914, 11526, 10, 1, 55.00),
(14915, 11527, 10, 1, 55.00),
(14916, 11528, 10, 1, 55.00),
(14917, 11529, 10, 1, 55.00),
(14918, 11530, 10, 1, 55.00),
(14919, 11551, 10, 1, 55.00),
(14920, 11552, 10, 1, 55.00),
(14921, 11553, 10, 1, 55.00),
(14922, 11554, 10, 1, 55.00),
(14923, 11555, 10, 1, 55.00),
(14924, 11556, 10, 1, 55.00),
(14925, 11557, 10, 1, 55.00),
(14926, 11558, 10, 1, 55.00),
(14927, 11559, 10, 1, 55.00),
(14928, 11560, 10, 1, 55.00),
(14929, 11581, 10, 1, 55.00),
(14930, 11582, 10, 1, 55.00),
(14931, 11583, 10, 1, 55.00),
(14932, 11584, 10, 1, 55.00),
(14933, 11585, 10, 1, 55.00),
(14934, 11586, 10, 1, 55.00),
(14935, 11587, 10, 1, 55.00),
(14936, 11588, 10, 1, 55.00),
(14937, 11589, 10, 1, 55.00),
(14938, 11590, 10, 1, 55.00),
(14939, 11611, 10, 1, 55.00),
(14940, 11612, 10, 1, 55.00),
(14941, 11613, 10, 1, 55.00),
(14942, 11614, 10, 1, 55.00),
(14943, 11615, 10, 1, 55.00),
(14944, 11616, 10, 1, 55.00),
(14945, 11617, 10, 1, 55.00),
(14946, 11618, 10, 1, 55.00),
(14947, 11619, 10, 1, 55.00),
(14948, 11620, 10, 1, 55.00),
(14949, 11641, 10, 1, 55.00),
(14950, 11642, 10, 1, 55.00),
(14951, 11643, 10, 1, 55.00),
(14952, 11644, 10, 1, 55.00),
(14953, 11645, 10, 1, 55.00),
(14954, 11646, 10, 1, 55.00),
(14955, 11647, 10, 1, 55.00),
(14956, 11648, 10, 1, 55.00),
(14957, 11649, 10, 1, 55.00),
(14958, 11650, 10, 1, 55.00),
(14959, 11671, 10, 1, 55.00),
(14960, 11672, 10, 1, 55.00),
(14961, 11673, 10, 1, 55.00),
(14962, 11674, 10, 1, 55.00),
(14963, 11675, 10, 1, 55.00),
(14964, 11676, 10, 1, 55.00),
(14965, 11677, 10, 1, 55.00),
(14966, 11678, 10, 1, 55.00),
(14967, 11679, 10, 1, 55.00),
(14968, 11680, 10, 1, 55.00),
(14969, 11701, 10, 1, 55.00),
(14970, 11702, 10, 1, 55.00),
(14971, 11703, 10, 1, 55.00),
(14972, 11704, 10, 1, 55.00),
(14973, 11705, 10, 1, 55.00),
(14974, 11706, 10, 1, 55.00),
(14975, 11707, 10, 1, 55.00),
(14976, 11708, 10, 1, 55.00),
(14977, 11709, 10, 1, 55.00),
(14978, 11710, 10, 1, 55.00),
(14979, 11731, 10, 1, 55.00),
(14980, 11732, 10, 1, 55.00),
(14981, 11733, 10, 1, 55.00),
(14982, 11734, 10, 1, 55.00),
(14983, 11735, 10, 1, 55.00),
(14984, 11736, 10, 1, 55.00),
(14985, 11737, 10, 1, 55.00),
(14986, 11738, 10, 1, 55.00),
(14987, 11739, 10, 1, 55.00),
(14988, 11740, 10, 1, 55.00),
(14989, 11761, 10, 1, 55.00),
(14990, 11762, 10, 1, 55.00),
(14991, 11763, 10, 1, 55.00),
(14992, 11764, 10, 1, 55.00),
(14993, 11765, 10, 1, 55.00),
(14994, 11766, 10, 1, 55.00),
(14995, 11767, 10, 1, 55.00),
(14996, 11768, 10, 1, 55.00),
(14997, 11769, 10, 1, 55.00),
(14998, 11770, 10, 1, 55.00),
(14999, 11791, 10, 1, 55.00),
(15000, 11792, 10, 1, 55.00),
(15001, 11793, 10, 1, 55.00),
(15002, 11794, 10, 1, 55.00),
(15003, 11795, 10, 1, 55.00),
(15004, 11796, 10, 1, 55.00),
(15005, 11797, 10, 1, 55.00),
(15006, 11798, 10, 1, 55.00),
(15007, 11799, 10, 1, 55.00),
(15008, 11800, 10, 1, 55.00),
(15009, 11821, 10, 1, 55.00),
(15010, 11822, 10, 1, 55.00),
(15011, 11823, 10, 1, 55.00),
(15012, 11824, 10, 1, 55.00),
(15013, 11825, 10, 1, 55.00),
(15014, 11826, 10, 1, 55.00),
(15015, 11827, 10, 1, 55.00),
(15016, 11828, 10, 1, 55.00),
(15017, 11829, 10, 1, 55.00),
(15018, 11830, 10, 1, 55.00),
(15019, 11851, 10, 1, 55.00),
(15020, 11852, 10, 1, 55.00),
(15021, 11853, 10, 1, 55.00),
(15022, 11854, 10, 1, 55.00),
(15023, 11855, 10, 1, 55.00),
(15024, 11856, 10, 1, 55.00),
(15025, 11857, 10, 1, 55.00),
(15026, 11858, 10, 1, 55.00),
(15027, 11859, 10, 1, 55.00),
(15028, 11860, 10, 1, 55.00),
(15029, 11881, 10, 1, 55.00),
(15030, 11882, 10, 1, 55.00),
(15031, 11883, 10, 1, 55.00),
(15032, 11884, 10, 1, 55.00),
(15033, 11885, 10, 1, 55.00),
(15034, 11886, 10, 1, 55.00),
(15035, 11887, 10, 1, 55.00),
(15036, 11888, 10, 1, 55.00),
(15037, 11889, 10, 1, 55.00),
(15038, 11890, 10, 1, 55.00),
(15039, 10261, 11, 1, 55.00),
(15040, 10262, 11, 1, 55.00),
(15041, 10263, 11, 1, 55.00),
(15042, 10264, 11, 1, 55.00),
(15043, 10265, 11, 1, 55.00),
(15044, 10266, 11, 1, 55.00),
(15045, 10267, 11, 1, 55.00),
(15046, 10268, 11, 1, 55.00),
(15047, 10269, 11, 1, 55.00),
(15048, 10270, 11, 1, 55.00),
(15049, 10291, 11, 1, 55.00),
(15050, 10292, 11, 1, 55.00),
(15051, 10293, 11, 1, 55.00),
(15052, 10294, 11, 1, 55.00),
(15053, 10295, 11, 1, 55.00),
(15054, 10296, 11, 1, 55.00),
(15055, 10297, 11, 1, 55.00),
(15056, 10298, 11, 1, 55.00),
(15057, 10299, 11, 1, 55.00),
(15058, 10300, 11, 1, 55.00),
(15059, 10321, 11, 1, 55.00),
(15060, 10322, 11, 1, 55.00),
(15061, 10323, 11, 1, 55.00),
(15062, 10324, 11, 1, 55.00),
(15063, 10325, 11, 1, 55.00),
(15064, 10326, 11, 1, 55.00),
(15065, 10327, 11, 1, 55.00),
(15066, 10328, 11, 1, 55.00),
(15067, 10329, 11, 1, 55.00),
(15068, 10330, 11, 1, 55.00),
(15069, 10351, 11, 1, 55.00),
(15070, 10352, 11, 1, 55.00),
(15071, 10353, 11, 1, 55.00),
(15072, 10354, 11, 1, 55.00),
(15073, 10355, 11, 1, 55.00),
(15074, 10356, 11, 1, 55.00),
(15075, 10357, 11, 1, 55.00),
(15076, 10358, 11, 1, 55.00),
(15077, 10359, 11, 1, 55.00),
(15078, 10360, 11, 1, 55.00),
(15079, 10381, 11, 1, 55.00),
(15080, 10382, 11, 1, 55.00),
(15081, 10383, 11, 1, 55.00),
(15082, 10384, 11, 1, 55.00),
(15083, 10385, 11, 1, 55.00),
(15084, 10386, 11, 1, 55.00),
(15085, 10387, 11, 1, 55.00),
(15086, 10388, 11, 1, 55.00),
(15087, 10389, 11, 1, 55.00),
(15088, 10390, 11, 1, 55.00),
(15089, 10411, 11, 1, 55.00),
(15090, 10412, 11, 1, 55.00),
(15091, 10413, 11, 1, 55.00),
(15092, 10414, 11, 1, 55.00),
(15093, 10415, 11, 1, 55.00),
(15094, 10416, 11, 1, 55.00),
(15095, 10417, 11, 1, 55.00),
(15096, 10418, 11, 1, 55.00),
(15097, 10419, 11, 1, 55.00),
(15098, 10420, 11, 1, 55.00),
(15099, 10441, 11, 1, 55.00),
(15100, 10442, 11, 1, 55.00),
(15101, 10443, 11, 1, 55.00),
(15102, 10444, 11, 1, 55.00),
(15103, 10445, 11, 1, 55.00),
(15104, 10446, 11, 1, 55.00),
(15105, 10447, 11, 1, 55.00),
(15106, 10448, 11, 1, 55.00),
(15107, 10449, 11, 1, 55.00),
(15108, 10450, 11, 1, 55.00),
(15109, 10471, 11, 1, 55.00),
(15110, 10472, 11, 1, 55.00),
(15111, 10473, 11, 1, 55.00),
(15112, 10474, 11, 1, 55.00),
(15113, 10475, 11, 1, 55.00),
(15114, 10476, 11, 1, 55.00),
(15115, 10477, 11, 1, 55.00),
(15116, 10478, 11, 1, 55.00),
(15117, 10479, 11, 1, 55.00),
(15118, 10480, 11, 1, 55.00),
(15119, 10501, 11, 1, 55.00),
(15120, 10502, 11, 1, 55.00),
(15121, 10503, 11, 1, 55.00),
(15122, 10504, 11, 1, 55.00),
(15123, 10505, 11, 1, 55.00),
(15124, 10506, 11, 1, 55.00),
(15125, 10507, 11, 1, 55.00),
(15126, 10508, 11, 1, 55.00),
(15127, 10509, 11, 1, 55.00),
(15128, 10510, 11, 1, 55.00),
(15129, 10531, 11, 1, 55.00),
(15130, 10532, 11, 1, 55.00),
(15131, 10533, 11, 1, 55.00),
(15132, 10534, 11, 1, 55.00),
(15133, 10535, 11, 1, 55.00),
(15134, 10536, 11, 1, 55.00),
(15135, 10537, 11, 1, 55.00),
(15136, 10538, 11, 1, 55.00),
(15137, 10539, 11, 1, 55.00),
(15138, 10540, 11, 1, 55.00),
(15139, 10561, 11, 1, 55.00),
(15140, 10562, 11, 1, 55.00),
(15141, 10563, 11, 1, 55.00),
(15142, 10564, 11, 1, 55.00),
(15143, 10565, 11, 1, 55.00),
(15144, 10566, 11, 1, 55.00),
(15145, 10567, 11, 1, 55.00),
(15146, 10568, 11, 1, 55.00),
(15147, 10569, 11, 1, 55.00),
(15148, 10570, 11, 1, 55.00),
(15149, 10591, 11, 1, 55.00),
(15150, 10592, 11, 1, 55.00),
(15151, 10593, 11, 1, 55.00),
(15152, 10594, 11, 1, 55.00),
(15153, 10595, 11, 1, 55.00),
(15154, 10596, 11, 1, 55.00),
(15155, 10597, 11, 1, 55.00),
(15156, 10598, 11, 1, 55.00),
(15157, 10599, 11, 1, 55.00),
(15158, 10600, 11, 1, 55.00),
(15159, 10621, 11, 1, 55.00),
(15160, 10622, 11, 1, 55.00),
(15161, 10623, 11, 1, 55.00),
(15162, 10624, 11, 1, 55.00),
(15163, 10625, 11, 1, 55.00),
(15164, 10626, 11, 1, 55.00),
(15165, 10627, 11, 1, 55.00),
(15166, 10628, 11, 1, 55.00),
(15167, 10629, 11, 1, 55.00),
(15168, 10630, 11, 1, 55.00),
(15169, 10651, 11, 1, 55.00),
(15170, 10652, 11, 1, 55.00),
(15171, 10653, 11, 1, 55.00),
(15172, 10654, 11, 1, 55.00),
(15173, 10655, 11, 1, 55.00),
(15174, 10656, 11, 1, 55.00),
(15175, 10657, 11, 1, 55.00),
(15176, 10658, 11, 1, 55.00),
(15177, 10659, 11, 1, 55.00),
(15178, 10660, 11, 1, 55.00),
(15179, 10681, 11, 1, 55.00),
(15180, 10682, 11, 1, 55.00),
(15181, 10683, 11, 1, 55.00),
(15182, 10684, 11, 1, 55.00),
(15183, 10685, 11, 1, 55.00),
(15184, 10686, 11, 1, 55.00),
(15185, 10687, 11, 1, 55.00),
(15186, 10688, 11, 1, 55.00),
(15187, 10689, 11, 1, 55.00),
(15188, 10690, 11, 1, 55.00),
(15189, 10711, 11, 1, 55.00),
(15190, 10712, 11, 1, 55.00),
(15191, 10713, 11, 1, 55.00),
(15192, 10714, 11, 1, 55.00),
(15193, 10715, 11, 1, 55.00),
(15194, 10716, 11, 1, 55.00),
(15195, 10717, 11, 1, 55.00),
(15196, 10718, 11, 1, 55.00),
(15197, 10719, 11, 1, 55.00),
(15198, 10720, 11, 1, 55.00),
(15199, 10741, 11, 1, 55.00),
(15200, 10742, 11, 1, 55.00),
(15201, 10743, 11, 1, 55.00),
(15202, 10744, 11, 1, 55.00),
(15203, 10745, 11, 1, 55.00),
(15204, 10746, 11, 1, 55.00),
(15205, 10747, 11, 1, 55.00),
(15206, 10748, 11, 1, 55.00),
(15207, 10749, 11, 1, 55.00),
(15208, 10750, 11, 1, 55.00),
(15209, 10771, 11, 1, 55.00);
INSERT INTO `order_items` (`order_item_id`, `order_id`, `container_id`, `quantity`, `price`) VALUES
(15210, 10772, 11, 1, 55.00),
(15211, 10773, 11, 1, 55.00),
(15212, 10774, 11, 1, 55.00),
(15213, 10775, 11, 1, 55.00),
(15214, 10776, 11, 1, 55.00),
(15215, 10777, 11, 1, 55.00),
(15216, 10778, 11, 1, 55.00),
(15217, 10779, 11, 1, 55.00),
(15218, 10780, 11, 1, 55.00),
(15219, 10801, 11, 1, 55.00),
(15220, 10802, 11, 1, 55.00),
(15221, 10803, 11, 1, 55.00),
(15222, 10804, 11, 1, 55.00),
(15223, 10805, 11, 1, 55.00),
(15224, 10806, 11, 1, 55.00),
(15225, 10807, 11, 1, 55.00),
(15226, 10808, 11, 1, 55.00),
(15227, 10809, 11, 1, 55.00),
(15228, 10810, 11, 1, 55.00),
(15229, 10831, 11, 1, 55.00),
(15230, 10832, 11, 1, 55.00),
(15231, 10833, 11, 1, 55.00),
(15232, 10834, 11, 1, 55.00),
(15233, 10835, 11, 1, 55.00),
(15234, 10836, 11, 1, 55.00),
(15235, 10837, 11, 1, 55.00),
(15236, 10838, 11, 1, 55.00),
(15237, 10839, 11, 1, 55.00),
(15238, 10840, 11, 1, 55.00),
(15239, 10861, 11, 1, 55.00),
(15240, 10862, 11, 1, 55.00),
(15241, 10863, 11, 1, 55.00),
(15242, 10864, 11, 1, 55.00),
(15243, 10865, 11, 1, 55.00),
(15244, 10866, 11, 1, 55.00),
(15245, 10867, 11, 1, 55.00),
(15246, 10868, 11, 1, 55.00),
(15247, 10869, 11, 1, 55.00),
(15248, 10870, 11, 1, 55.00),
(15249, 10891, 11, 1, 55.00),
(15250, 10892, 11, 1, 55.00),
(15251, 10893, 11, 1, 55.00),
(15252, 10894, 11, 1, 55.00),
(15253, 10895, 11, 1, 55.00),
(15254, 10896, 11, 1, 55.00),
(15255, 10897, 11, 1, 55.00),
(15256, 10898, 11, 1, 55.00),
(15257, 10899, 11, 1, 55.00),
(15258, 10900, 11, 1, 55.00),
(15259, 10921, 11, 1, 55.00),
(15260, 10922, 11, 1, 55.00),
(15261, 10923, 11, 1, 55.00),
(15262, 10924, 11, 1, 55.00),
(15263, 10925, 11, 1, 55.00),
(15264, 10926, 11, 1, 55.00),
(15265, 10927, 11, 1, 55.00),
(15266, 10928, 11, 1, 55.00),
(15267, 10929, 11, 1, 55.00),
(15268, 10930, 11, 1, 55.00),
(15269, 10951, 11, 1, 55.00),
(15270, 10952, 11, 1, 55.00),
(15271, 10953, 11, 1, 55.00),
(15272, 10954, 11, 1, 55.00),
(15273, 10955, 11, 1, 55.00),
(15274, 10956, 11, 1, 55.00),
(15275, 10957, 11, 1, 55.00),
(15276, 10958, 11, 1, 55.00),
(15277, 10959, 11, 1, 55.00),
(15278, 10960, 11, 1, 55.00),
(15279, 10981, 11, 1, 55.00),
(15280, 10982, 11, 1, 55.00),
(15281, 10983, 11, 1, 55.00),
(15282, 10984, 11, 1, 55.00),
(15283, 10985, 11, 1, 55.00),
(15284, 10986, 11, 1, 55.00),
(15285, 10987, 11, 1, 55.00),
(15286, 10988, 11, 1, 55.00),
(15287, 10989, 11, 1, 55.00),
(15288, 10990, 11, 1, 55.00),
(15289, 11011, 11, 1, 55.00),
(15290, 11012, 11, 1, 55.00),
(15291, 11013, 11, 1, 55.00),
(15292, 11014, 11, 1, 55.00),
(15293, 11015, 11, 1, 55.00),
(15294, 11016, 11, 1, 55.00),
(15295, 11017, 11, 1, 55.00),
(15296, 11018, 11, 1, 55.00),
(15297, 11019, 11, 1, 55.00),
(15298, 11020, 11, 1, 55.00),
(15299, 11041, 11, 1, 55.00),
(15300, 11042, 11, 1, 55.00),
(15301, 11043, 11, 1, 55.00),
(15302, 11044, 11, 1, 55.00),
(15303, 11045, 11, 1, 55.00),
(15304, 11046, 11, 1, 55.00),
(15305, 11047, 11, 1, 55.00),
(15306, 11048, 11, 1, 55.00),
(15307, 11049, 11, 1, 55.00),
(15308, 11050, 11, 1, 55.00),
(15309, 11071, 11, 1, 55.00),
(15310, 11072, 11, 1, 55.00),
(15311, 11073, 11, 1, 55.00),
(15312, 11074, 11, 1, 55.00),
(15313, 11075, 11, 1, 55.00),
(15314, 11076, 11, 1, 55.00),
(15315, 11077, 11, 1, 55.00),
(15316, 11078, 11, 1, 55.00),
(15317, 11079, 11, 1, 55.00),
(15318, 11080, 11, 1, 55.00),
(15319, 11101, 11, 1, 55.00),
(15320, 11102, 11, 1, 55.00),
(15321, 11103, 11, 1, 55.00),
(15322, 11104, 11, 1, 55.00),
(15323, 11105, 11, 1, 55.00),
(15324, 11106, 11, 1, 55.00),
(15325, 11107, 11, 1, 55.00),
(15326, 11108, 11, 1, 55.00),
(15327, 11109, 11, 1, 55.00),
(15328, 11110, 11, 1, 55.00),
(15329, 11131, 11, 1, 55.00),
(15330, 11132, 11, 1, 55.00),
(15331, 11133, 11, 1, 55.00),
(15332, 11134, 11, 1, 55.00),
(15333, 11135, 11, 1, 55.00),
(15334, 11136, 11, 1, 55.00),
(15335, 11137, 11, 1, 55.00),
(15336, 11138, 11, 1, 55.00),
(15337, 11139, 11, 1, 55.00),
(15338, 11140, 11, 1, 55.00),
(15339, 11161, 11, 1, 55.00),
(15340, 11162, 11, 1, 55.00),
(15341, 11163, 11, 1, 55.00),
(15342, 11164, 11, 1, 55.00),
(15343, 11165, 11, 1, 55.00),
(15344, 11166, 11, 1, 55.00),
(15345, 11167, 11, 1, 55.00),
(15346, 11168, 11, 1, 55.00),
(15347, 11169, 11, 1, 55.00),
(15348, 11170, 11, 1, 55.00),
(15349, 11191, 11, 1, 55.00),
(15350, 11192, 11, 1, 55.00),
(15351, 11193, 11, 1, 55.00),
(15352, 11194, 11, 1, 55.00),
(15353, 11195, 11, 1, 55.00),
(15354, 11196, 11, 1, 55.00),
(15355, 11197, 11, 1, 55.00),
(15356, 11198, 11, 1, 55.00),
(15357, 11199, 11, 1, 55.00),
(15358, 11200, 11, 1, 55.00),
(15359, 11221, 11, 1, 55.00),
(15360, 11222, 11, 1, 55.00),
(15361, 11223, 11, 1, 55.00),
(15362, 11224, 11, 1, 55.00),
(15363, 11225, 11, 1, 55.00),
(15364, 11226, 11, 1, 55.00),
(15365, 11227, 11, 1, 55.00),
(15366, 11228, 11, 1, 55.00),
(15367, 11229, 11, 1, 55.00),
(15368, 11230, 11, 1, 55.00),
(15369, 11251, 11, 1, 55.00),
(15370, 11252, 11, 1, 55.00),
(15371, 11253, 11, 1, 55.00),
(15372, 11254, 11, 1, 55.00),
(15373, 11255, 11, 1, 55.00),
(15374, 11256, 11, 1, 55.00),
(15375, 11257, 11, 1, 55.00),
(15376, 11258, 11, 1, 55.00),
(15377, 11259, 11, 1, 55.00),
(15378, 11260, 11, 1, 55.00),
(15379, 11281, 11, 1, 55.00),
(15380, 11282, 11, 1, 55.00),
(15381, 11283, 11, 1, 55.00),
(15382, 11284, 11, 1, 55.00),
(15383, 11285, 11, 1, 55.00),
(15384, 11286, 11, 1, 55.00),
(15385, 11287, 11, 1, 55.00),
(15386, 11288, 11, 1, 55.00),
(15387, 11289, 11, 1, 55.00),
(15388, 11290, 11, 1, 55.00),
(15389, 11311, 11, 1, 55.00),
(15390, 11312, 11, 1, 55.00),
(15391, 11313, 11, 1, 55.00),
(15392, 11314, 11, 1, 55.00),
(15393, 11315, 11, 1, 55.00),
(15394, 11316, 11, 1, 55.00),
(15395, 11317, 11, 1, 55.00),
(15396, 11318, 11, 1, 55.00),
(15397, 11319, 11, 1, 55.00),
(15398, 11320, 11, 1, 55.00),
(15399, 11341, 11, 1, 55.00),
(15400, 11342, 11, 1, 55.00),
(15401, 11343, 11, 1, 55.00),
(15402, 11344, 11, 1, 55.00),
(15403, 11345, 11, 1, 55.00),
(15404, 11346, 11, 1, 55.00),
(15405, 11347, 11, 1, 55.00),
(15406, 11348, 11, 1, 55.00),
(15407, 11349, 11, 1, 55.00),
(15408, 11350, 11, 1, 55.00),
(15409, 11371, 11, 1, 55.00),
(15410, 11372, 11, 1, 55.00),
(15411, 11373, 11, 1, 55.00),
(15412, 11374, 11, 1, 55.00),
(15413, 11375, 11, 1, 55.00),
(15414, 11376, 11, 1, 55.00),
(15415, 11377, 11, 1, 55.00),
(15416, 11378, 11, 1, 55.00),
(15417, 11379, 11, 1, 55.00),
(15418, 11380, 11, 1, 55.00),
(15419, 11401, 11, 1, 55.00),
(15420, 11402, 11, 1, 55.00),
(15421, 11403, 11, 1, 55.00),
(15422, 11404, 11, 1, 55.00),
(15423, 11405, 11, 1, 55.00),
(15424, 11406, 11, 1, 55.00),
(15425, 11407, 11, 1, 55.00),
(15426, 11408, 11, 1, 55.00),
(15427, 11409, 11, 1, 55.00),
(15428, 11410, 11, 1, 55.00),
(15429, 11431, 11, 1, 55.00),
(15430, 11432, 11, 1, 55.00),
(15431, 11433, 11, 1, 55.00),
(15432, 11434, 11, 1, 55.00),
(15433, 11435, 11, 1, 55.00),
(15434, 11436, 11, 1, 55.00),
(15435, 11437, 11, 1, 55.00),
(15436, 11438, 11, 1, 55.00),
(15437, 11439, 11, 1, 55.00),
(15438, 11440, 11, 1, 55.00),
(15439, 11461, 11, 1, 55.00),
(15440, 11462, 11, 1, 55.00),
(15441, 11463, 11, 1, 55.00),
(15442, 11464, 11, 1, 55.00),
(15443, 11465, 11, 1, 55.00),
(15444, 11466, 11, 1, 55.00),
(15445, 11467, 11, 1, 55.00),
(15446, 11468, 11, 1, 55.00),
(15447, 11469, 11, 1, 55.00),
(15448, 11470, 11, 1, 55.00),
(15449, 11491, 11, 1, 55.00),
(15450, 11492, 11, 1, 55.00),
(15451, 11493, 11, 1, 55.00),
(15452, 11494, 11, 1, 55.00),
(15453, 11495, 11, 1, 55.00),
(15454, 11496, 11, 1, 55.00),
(15455, 11497, 11, 1, 55.00),
(15456, 11498, 11, 1, 55.00),
(15457, 11499, 11, 1, 55.00),
(15458, 11500, 11, 1, 55.00),
(15459, 11521, 11, 1, 55.00),
(15460, 11522, 11, 1, 55.00),
(15461, 11523, 11, 1, 55.00),
(15462, 11524, 11, 1, 55.00),
(15463, 11525, 11, 1, 55.00),
(15464, 11526, 11, 1, 55.00),
(15465, 11527, 11, 1, 55.00),
(15466, 11528, 11, 1, 55.00),
(15467, 11529, 11, 1, 55.00),
(15468, 11530, 11, 1, 55.00),
(15469, 11551, 11, 1, 55.00),
(15470, 11552, 11, 1, 55.00),
(15471, 11553, 11, 1, 55.00),
(15472, 11554, 11, 1, 55.00),
(15473, 11555, 11, 1, 55.00),
(15474, 11556, 11, 1, 55.00),
(15475, 11557, 11, 1, 55.00),
(15476, 11558, 11, 1, 55.00),
(15477, 11559, 11, 1, 55.00),
(15478, 11560, 11, 1, 55.00),
(15479, 11581, 11, 1, 55.00),
(15480, 11582, 11, 1, 55.00),
(15481, 11583, 11, 1, 55.00),
(15482, 11584, 11, 1, 55.00),
(15483, 11585, 11, 1, 55.00),
(15484, 11586, 11, 1, 55.00),
(15485, 11587, 11, 1, 55.00),
(15486, 11588, 11, 1, 55.00),
(15487, 11589, 11, 1, 55.00),
(15488, 11590, 11, 1, 55.00),
(15489, 11611, 11, 1, 55.00),
(15490, 11612, 11, 1, 55.00),
(15491, 11613, 11, 1, 55.00),
(15492, 11614, 11, 1, 55.00),
(15493, 11615, 11, 1, 55.00),
(15494, 11616, 11, 1, 55.00),
(15495, 11617, 11, 1, 55.00),
(15496, 11618, 11, 1, 55.00),
(15497, 11619, 11, 1, 55.00),
(15498, 11620, 11, 1, 55.00),
(15499, 11641, 11, 1, 55.00),
(15500, 11642, 11, 1, 55.00),
(15501, 11643, 11, 1, 55.00),
(15502, 11644, 11, 1, 55.00),
(15503, 11645, 11, 1, 55.00),
(15504, 11646, 11, 1, 55.00),
(15505, 11647, 11, 1, 55.00),
(15506, 11648, 11, 1, 55.00),
(15507, 11649, 11, 1, 55.00),
(15508, 11650, 11, 1, 55.00),
(15509, 11671, 11, 1, 55.00),
(15510, 11672, 11, 1, 55.00),
(15511, 11673, 11, 1, 55.00),
(15512, 11674, 11, 1, 55.00),
(15513, 11675, 11, 1, 55.00),
(15514, 11676, 11, 1, 55.00),
(15515, 11677, 11, 1, 55.00),
(15516, 11678, 11, 1, 55.00),
(15517, 11679, 11, 1, 55.00),
(15518, 11680, 11, 1, 55.00),
(15519, 11701, 11, 1, 55.00),
(15520, 11702, 11, 1, 55.00),
(15521, 11703, 11, 1, 55.00),
(15522, 11704, 11, 1, 55.00),
(15523, 11705, 11, 1, 55.00),
(15524, 11706, 11, 1, 55.00),
(15525, 11707, 11, 1, 55.00),
(15526, 11708, 11, 1, 55.00),
(15527, 11709, 11, 1, 55.00),
(15528, 11710, 11, 1, 55.00),
(15529, 11731, 11, 1, 55.00),
(15530, 11732, 11, 1, 55.00),
(15531, 11733, 11, 1, 55.00),
(15532, 11734, 11, 1, 55.00),
(15533, 11735, 11, 1, 55.00),
(15534, 11736, 11, 1, 55.00),
(15535, 11737, 11, 1, 55.00),
(15536, 11738, 11, 1, 55.00),
(15537, 11739, 11, 1, 55.00),
(15538, 11740, 11, 1, 55.00),
(15539, 11761, 11, 1, 55.00),
(15540, 11762, 11, 1, 55.00),
(15541, 11763, 11, 1, 55.00),
(15542, 11764, 11, 1, 55.00),
(15543, 11765, 11, 1, 55.00),
(15544, 11766, 11, 1, 55.00),
(15545, 11767, 11, 1, 55.00),
(15546, 11768, 11, 1, 55.00),
(15547, 11769, 11, 1, 55.00),
(15548, 11770, 11, 1, 55.00),
(15549, 11791, 11, 1, 55.00),
(15550, 11792, 11, 1, 55.00),
(15551, 11793, 11, 1, 55.00),
(15552, 11794, 11, 1, 55.00),
(15553, 11795, 11, 1, 55.00),
(15554, 11796, 11, 1, 55.00),
(15555, 11797, 11, 1, 55.00),
(15556, 11798, 11, 1, 55.00),
(15557, 11799, 11, 1, 55.00),
(15558, 11800, 11, 1, 55.00),
(15559, 11821, 11, 1, 55.00),
(15560, 11822, 11, 1, 55.00),
(15561, 11823, 11, 1, 55.00),
(15562, 11824, 11, 1, 55.00),
(15563, 11825, 11, 1, 55.00),
(15564, 11826, 11, 1, 55.00),
(15565, 11827, 11, 1, 55.00),
(15566, 11828, 11, 1, 55.00),
(15567, 11829, 11, 1, 55.00),
(15568, 11830, 11, 1, 55.00),
(15569, 11851, 11, 1, 55.00),
(15570, 11852, 11, 1, 55.00),
(15571, 11853, 11, 1, 55.00),
(15572, 11854, 11, 1, 55.00),
(15573, 11855, 11, 1, 55.00),
(15574, 11856, 11, 1, 55.00),
(15575, 11857, 11, 1, 55.00),
(15576, 11858, 11, 1, 55.00),
(15577, 11859, 11, 1, 55.00),
(15578, 11860, 11, 1, 55.00),
(15579, 11881, 11, 1, 55.00),
(15580, 11882, 11, 1, 55.00),
(15581, 11883, 11, 1, 55.00),
(15582, 11884, 11, 1, 55.00),
(15583, 11885, 11, 1, 55.00),
(15584, 11886, 11, 1, 55.00),
(15585, 11887, 11, 1, 55.00),
(15586, 11888, 11, 1, 55.00),
(15587, 11889, 11, 1, 55.00),
(15588, 11890, 11, 1, 55.00);

-- --------------------------------------------------------

--
-- Table structure for table `ratings`
--

CREATE TABLE `ratings` (
  `rating_id` int(11) NOT NULL,
  `consumer_id` int(11) DEFAULT NULL,
  `shop_id` int(11) DEFAULT NULL,
  `rating` int(11) DEFAULT NULL,
  `comment` text DEFAULT NULL,
  `created_at` datetime DEFAULT current_timestamp(),
  `order_id` int(11) DEFAULT NULL
) ENGINE=InnoDB DEFAULT CHARSET=utf8mb4 COLLATE=utf8mb4_unicode_ci;

-- --------------------------------------------------------

--
-- Table structure for table `shop`
--

CREATE TABLE `shop` (
  `shop_id` int(11) NOT NULL,
  `distributor_id` int(11) NOT NULL,
  `name` varchar(100) NOT NULL,
  `location` varchar(255) NOT NULL,
  `contact_number` varchar(15) NOT NULL,
  `latitude` decimal(10,7) DEFAULT NULL,
  `longitude` decimal(10,7) DEFAULT NULL,
  `average_rating` decimal(3,2) DEFAULT NULL,
  `open_time` time DEFAULT NULL,
  `close_time` time DEFAULT NULL
) ENGINE=InnoDB DEFAULT CHARSET=utf8mb4 COLLATE=utf8mb4_unicode_ci;

--
-- Dumping data for table `shop`
--

INSERT INTO `shop` (`shop_id`, `distributor_id`, `name`, `location`, `contact_number`, `latitude`, `longitude`, `average_rating`, `open_time`, `close_time`) VALUES
(12, 12, 'D\'s Water Station', 'Rizal Street, Tuy, Region IV-A', '09454566364', 14.0169230, 120.7289851, NULL, '08:00:00', '17:00:00'),
(13, 13, 'Aquamate', 'Bf 2 Luna Street, Tuy, Region IV-A', '09683074622', 14.0150212, 120.7312167, NULL, '08:00:00', '17:00:00'),
(16, 16, 'Tim\'s Shop', 'Mataywanak, Tuy, Region IV-A', '09756456756', 14.0286682, 120.7294008, NULL, '07:00:00', '17:00:00');

--
-- Indexes for dumped tables
--

--
-- Indexes for table `address`
--
ALTER TABLE `address`
  ADD PRIMARY KEY (`address_id`),
  ADD KEY `consumer_id` (`consumer_id`);

--
-- Indexes for table `admin`
--
ALTER TABLE `admin`
  ADD PRIMARY KEY (`admin_id`);

--
-- Indexes for table `analytics_report`
--
ALTER TABLE `analytics_report`
  ADD PRIMARY KEY (`report_id`),
  ADD KEY `shop_id` (`shop_id`);

--
-- Indexes for table `cart`
--
ALTER TABLE `cart`
  ADD PRIMARY KEY (`cart_id`);

--
-- Indexes for table `consumer`
--
ALTER TABLE `consumer`
  ADD PRIMARY KEY (`consumer_id`);

--
-- Indexes for table `consumer_feedback`
--
ALTER TABLE `consumer_feedback`
  ADD PRIMARY KEY (`feedback_id`),
  ADD KEY `consumer_id` (`consumer_id`),
  ADD KEY `shop_id` (`shop_id`);

--
-- Indexes for table `container`
--
ALTER TABLE `container`
  ADD PRIMARY KEY (`container_id`),
  ADD KEY `shop_id` (`shop_id`);

--
-- Indexes for table `delivery_record`
--
ALTER TABLE `delivery_record`
  ADD PRIMARY KEY (`delivery_id`),
  ADD KEY `order_id` (`order_id`),
  ADD KEY `employee_id` (`employee_id`);

--
-- Indexes for table `distributor`
--
ALTER TABLE `distributor`
  ADD PRIMARY KEY (`distributor_id`);

--
-- Indexes for table `employee`
--
ALTER TABLE `employee`
  ADD PRIMARY KEY (`employee_id`),
  ADD KEY `distributor_id` (`distributor_id`);

--
-- Indexes for table `feedback`
--
ALTER TABLE `feedback`
  ADD PRIMARY KEY (`id`);

--
-- Indexes for table `messages`
--
ALTER TABLE `messages`
  ADD PRIMARY KEY (`message_id`);

--
-- Indexes for table `notification`
--
ALTER TABLE `notification`
  ADD PRIMARY KEY (`notification_id`),
  ADD KEY `consumer_id` (`consumer_id`),
  ADD KEY `distributor_id` (`distributor_id`);

--
-- Indexes for table `orders`
--
ALTER TABLE `orders`
  ADD PRIMARY KEY (`order_id`),
  ADD KEY `consumer_id` (`consumer_id`),
  ADD KEY `shop_id` (`shop_id`),
  ADD KEY `orders_ibfk_3` (`address_id`);

--
-- Indexes for table `order_items`
--
ALTER TABLE `order_items`
  ADD PRIMARY KEY (`order_item_id`),
  ADD KEY `order_id` (`order_id`),
  ADD KEY `container_id` (`container_id`);

--
-- Indexes for table `ratings`
--
ALTER TABLE `ratings`
  ADD PRIMARY KEY (`rating_id`),
  ADD KEY `consumer_id` (`consumer_id`),
  ADD KEY `shop_id` (`shop_id`);

--
-- Indexes for table `shop`
--
ALTER TABLE `shop`
  ADD PRIMARY KEY (`shop_id`),
  ADD KEY `distributor_id` (`distributor_id`);

--
-- AUTO_INCREMENT for dumped tables
--

--
-- AUTO_INCREMENT for table `address`
--
ALTER TABLE `address`
  MODIFY `address_id` int(11) NOT NULL AUTO_INCREMENT, AUTO_INCREMENT=64;

--
-- AUTO_INCREMENT for table `admin`
--
ALTER TABLE `admin`
  MODIFY `admin_id` int(11) NOT NULL AUTO_INCREMENT, AUTO_INCREMENT=2;

--
-- AUTO_INCREMENT for table `analytics_report`
--
ALTER TABLE `analytics_report`
  MODIFY `report_id` int(11) NOT NULL AUTO_INCREMENT;

--
-- AUTO_INCREMENT for table `cart`
--
ALTER TABLE `cart`
  MODIFY `cart_id` int(11) NOT NULL AUTO_INCREMENT;

--
-- AUTO_INCREMENT for table `consumer`
--
ALTER TABLE `consumer`
  MODIFY `consumer_id` int(11) NOT NULL AUTO_INCREMENT, AUTO_INCREMENT=60;

--
-- AUTO_INCREMENT for table `consumer_feedback`
--
ALTER TABLE `consumer_feedback`
  MODIFY `feedback_id` int(11) NOT NULL AUTO_INCREMENT;

--
-- AUTO_INCREMENT for table `container`
--
ALTER TABLE `container`
  MODIFY `container_id` int(11) NOT NULL AUTO_INCREMENT, AUTO_INCREMENT=12;

--
-- AUTO_INCREMENT for table `delivery_record`
--
ALTER TABLE `delivery_record`
  MODIFY `delivery_id` int(11) NOT NULL AUTO_INCREMENT, AUTO_INCREMENT=2;

--
-- AUTO_INCREMENT for table `distributor`
--
ALTER TABLE `distributor`
  MODIFY `distributor_id` int(11) NOT NULL AUTO_INCREMENT, AUTO_INCREMENT=17;

--
-- AUTO_INCREMENT for table `employee`
--
ALTER TABLE `employee`
  MODIFY `employee_id` int(11) NOT NULL AUTO_INCREMENT;

--
-- AUTO_INCREMENT for table `feedback`
--
ALTER TABLE `feedback`
  MODIFY `id` int(11) NOT NULL AUTO_INCREMENT;

--
-- AUTO_INCREMENT for table `messages`
--
ALTER TABLE `messages`
  MODIFY `message_id` int(11) NOT NULL AUTO_INCREMENT, AUTO_INCREMENT=2;

--
-- AUTO_INCREMENT for table `notification`
--
ALTER TABLE `notification`
  MODIFY `notification_id` int(11) NOT NULL AUTO_INCREMENT;

--
-- AUTO_INCREMENT for table `orders`
--
ALTER TABLE `orders`
  MODIFY `order_id` int(11) NOT NULL AUTO_INCREMENT, AUTO_INCREMENT=12288;

--
-- AUTO_INCREMENT for table `order_items`
--
ALTER TABLE `order_items`
  MODIFY `order_item_id` int(11) NOT NULL AUTO_INCREMENT, AUTO_INCREMENT=16384;

--
-- AUTO_INCREMENT for table `ratings`
--
ALTER TABLE `ratings`
  MODIFY `rating_id` int(11) NOT NULL AUTO_INCREMENT;

--
-- AUTO_INCREMENT for table `shop`
--
ALTER TABLE `shop`
  MODIFY `shop_id` int(11) NOT NULL AUTO_INCREMENT, AUTO_INCREMENT=17;

--
-- Constraints for dumped tables
--

--
-- Constraints for table `address`
--
ALTER TABLE `address`
  ADD CONSTRAINT `address_ibfk_1` FOREIGN KEY (`consumer_id`) REFERENCES `consumer` (`consumer_id`) ON DELETE CASCADE;

--
-- Constraints for table `analytics_report`
--
ALTER TABLE `analytics_report`
  ADD CONSTRAINT `analytics_report_ibfk_1` FOREIGN KEY (`shop_id`) REFERENCES `shop` (`shop_id`) ON DELETE CASCADE;

--
-- Constraints for table `consumer_feedback`
--
ALTER TABLE `consumer_feedback`
  ADD CONSTRAINT `consumer_feedback_ibfk_1` FOREIGN KEY (`consumer_id`) REFERENCES `consumer` (`consumer_id`) ON DELETE CASCADE,
  ADD CONSTRAINT `consumer_feedback_ibfk_2` FOREIGN KEY (`shop_id`) REFERENCES `shop` (`shop_id`) ON DELETE CASCADE;

--
-- Constraints for table `container`
--
ALTER TABLE `container`
  ADD CONSTRAINT `container_ibfk_1` FOREIGN KEY (`shop_id`) REFERENCES `shop` (`shop_id`) ON DELETE CASCADE;

--
-- Constraints for table `delivery_record`
--
ALTER TABLE `delivery_record`
  ADD CONSTRAINT `delivery_record_ibfk_1` FOREIGN KEY (`order_id`) REFERENCES `orders` (`order_id`) ON DELETE CASCADE,
  ADD CONSTRAINT `delivery_record_ibfk_2` FOREIGN KEY (`employee_id`) REFERENCES `employee` (`employee_id`) ON DELETE SET NULL;

--
-- Constraints for table `employee`
--
ALTER TABLE `employee`
  ADD CONSTRAINT `employee_ibfk_1` FOREIGN KEY (`distributor_id`) REFERENCES `distributor` (`distributor_id`) ON DELETE CASCADE;

--
-- Constraints for table `notification`
--
ALTER TABLE `notification`
  ADD CONSTRAINT `notification_ibfk_1` FOREIGN KEY (`consumer_id`) REFERENCES `consumer` (`consumer_id`) ON DELETE CASCADE,
  ADD CONSTRAINT `notification_ibfk_2` FOREIGN KEY (`distributor_id`) REFERENCES `distributor` (`distributor_id`) ON DELETE CASCADE;

--
-- Constraints for table `orders`
--
ALTER TABLE `orders`
  ADD CONSTRAINT `orders_ibfk_1` FOREIGN KEY (`consumer_id`) REFERENCES `consumer` (`consumer_id`) ON DELETE CASCADE,
  ADD CONSTRAINT `orders_ibfk_2` FOREIGN KEY (`shop_id`) REFERENCES `shop` (`shop_id`) ON DELETE CASCADE,
  ADD CONSTRAINT `orders_ibfk_3` FOREIGN KEY (`address_id`) REFERENCES `address` (`address_id`) ON DELETE SET NULL;

--
-- Constraints for table `order_items`
--
ALTER TABLE `order_items`
  ADD CONSTRAINT `order_items_ibfk_1` FOREIGN KEY (`order_id`) REFERENCES `orders` (`order_id`) ON DELETE CASCADE,
  ADD CONSTRAINT `order_items_ibfk_2` FOREIGN KEY (`container_id`) REFERENCES `container` (`container_id`) ON DELETE CASCADE;

--
-- Constraints for table `ratings`
--
ALTER TABLE `ratings`
  ADD CONSTRAINT `ratings_ibfk_1` FOREIGN KEY (`consumer_id`) REFERENCES `consumer` (`consumer_id`),
  ADD CONSTRAINT `ratings_ibfk_2` FOREIGN KEY (`shop_id`) REFERENCES `shop` (`shop_id`);

--
-- Constraints for table `shop`
--
ALTER TABLE `shop`
  ADD CONSTRAINT `shop_ibfk_1` FOREIGN KEY (`distributor_id`) REFERENCES `distributor` (`distributor_id`) ON DELETE CASCADE;
COMMIT;

/*!40101 SET CHARACTER_SET_CLIENT=@OLD_CHARACTER_SET_CLIENT */;
/*!40101 SET CHARACTER_SET_RESULTS=@OLD_CHARACTER_SET_RESULTS */;
/*!40101 SET COLLATION_CONNECTION=@OLD_COLLATION_CONNECTION */;
